date,chrome-version,chrome-interop-2026-anchor-positioning,chrome-interop-2026-attr,chrome-interop-2026-contrast-color,chrome-interop-2026-container-style-queries,chrome-interop-2026-custom-highlights,chrome-interop-2026-dialogs-and-popovers,chrome-interop-2026-fetch,chrome-interop-2026-indexeddb,chrome-interop-2026-jspi-for-wasm,chrome-interop-2026-media-pseudo-classes,chrome-interop-2026-navigation,chrome-interop-2026-scoped-custom-element-registries,chrome-interop-2026-scroll-driven-animations,chrome-interop-2026-scroll-snap,chrome-interop-2026-shape,chrome-interop-2026-view-transitions,chrome-interop-2026-webcompat,chrome-interop-2026-webrtc,chrome-interop-2026-webtransport,chrome-interop-2026-zoom,edge-version,edge-interop-2026-anchor-positioning,edge-interop-2026-attr,edge-interop-2026-contrast-color,edge-interop-2026-container-style-queries,edge-interop-2026-custom-highlights,edge-interop-2026-dialogs-and-popovers,edge-interop-2026-fetch,edge-interop-2026-indexeddb,edge-interop-2026-jspi-for-wasm,edge-interop-2026-media-pseudo-classes,edge-interop-2026-navigation,edge-interop-2026-scoped-custom-element-registries,edge-interop-2026-scroll-driven-animations,edge-interop-2026-scroll-snap,edge-interop-2026-shape,edge-interop-2026-view-transitions,edge-interop-2026-webcompat,edge-interop-2026-webrtc,edge-interop-2026-webtransport,edge-interop-2026-zoom,firefox-version,firefox-interop-2026-anchor-positioning,firefox-interop-2026-attr,firefox-interop-2026-contrast-color,firefox-interop-2026-container-style-queries,firefox-interop-2026-custom-highlights,firefox-interop-2026-dialogs-and-popovers,firefox-interop-2026-fetch,firefox-interop-2026-indexeddb,firefox-interop-2026-jspi-for-wasm,firefox-interop-2026-media-pseudo-classes,firefox-interop-2026-navigation,firefox-interop-2026-scoped-custom-element-registries,firefox-interop-2026-scroll-driven-animations,firefox-interop-2026-scroll-snap,firefox-interop-2026-shape,firefox-interop-2026-view-transitions,firefox-interop-2026-webcompat,firefox-interop-2026-webrtc,firefox-interop-2026-webtransport,firefox-interop-2026-zoom,safari-version,safari-interop-2026-anchor-positioning,safari-interop-2026-attr,safari-interop-2026-contrast-color,safari-interop-2026-container-style-queries,safari-interop-2026-custom-highlights,safari-interop-2026-dialogs-and-popovers,safari-interop-2026-fetch,safari-interop-2026-indexeddb,safari-interop-2026-jspi-for-wasm,safari-interop-2026-media-pseudo-classes,safari-interop-2026-navigation,safari-interop-2026-scoped-custom-element-registries,safari-interop-2026-scroll-driven-animations,safari-interop-2026-scroll-snap,safari-interop-2026-shape,safari-interop-2026-view-transitions,safari-interop-2026-webcompat,safari-interop-2026-webrtc,safari-interop-2026-webtransport,safari-interop-2026-zoom,interop-version,interop-interop-2026-anchor-positioning,interop-interop-2026-attr,interop-interop-2026-contrast-color,interop-interop-2026-container-style-queries,interop-interop-2026-custom-highlights,interop-interop-2026-dialogs-and-popovers,interop-interop-2026-fetch,interop-interop-2026-indexeddb,interop-interop-2026-jspi-for-wasm,interop-interop-2026-media-pseudo-classes,interop-interop-2026-navigation,interop-interop-2026-scoped-custom-element-registries,interop-interop-2026-scroll-driven-animations,interop-interop-2026-scroll-snap,interop-interop-2026-shape,interop-interop-2026-view-transitions,interop-interop-2026-webcompat,interop-interop-2026-webrtc,interop-interop-2026-webtransport,interop-interop-2026-zoom
2026-01-02,145.0.7610.0,991,942,200,894,961,942,837,1000,1000,0,986,16,956,940,875,969,844,606,718,1000,145.0.3734.1,991,942,200,894,971,942,837,1000,1000,0,965,16,951,923,916,982,844,606,716,1000,148.0a1,902,116,760,47,649,729,775,41,76,0,866,16,327,616,875,775,844,379,702,1000,234 preview,989,118,800,835,649,268,755,41,76,400,925,947,925,513,826,946,555,473,0,934,-,904,123,250,47,597,284,595,41,76,0,809,16,322,488,901,753,444,312,0,934
2026-01-03,145.0.7614.0,991,942,200,894,961,942,837,1000,1000,0,986,16,956,940,875,987,844,606,718,1000,145.0.3734.1,991,942,200,894,971,942,837,1000,1000,0,979,16,951,923,916,982,844,596,716,1000,148.0a1,904,116,760,47,649,696,775,41,76,0,866,16,327,616,875,778,844,380,702,1000,234 preview,989,118,800,835,649,268,755,41,76,400,925,947,925,513,826,946,555,473,0,934,-,907,123,250,47,597,252,595,41,76,0,815,16,322,488,901,755,444,304,0,934
2026-01-04,145.0.7615.0,991,942,200,894,961,942,837,1000,1000,0,986,16,956,940,875,961,844,606,718,1000,145.0.3734.1,991,942,200,894,971,942,750,958,1000,0,972,16,951,923,916,982,844,606,716,1000,148.0a1,904,116,760,47,649,729,775,41,76,0,866,16,327,616,875,778,733,362,702,1000,234 preview,989,118,800,835,649,268,755,41,76,400,925,947,932,513,826,946,555,473,0,934,-,907,123,250,47,597,284,588,41,76,0,810,16,329,488,901,755,444,301,0,934
2026-01-05,145.0.7616.0,991,942,200,894,961,942,837,1000,1000,0,986,16,956,940,875,987,844,606,718,1000,145.0.3734.1,991,942,200,894,971,942,837,1000,1000,0,981,16,951,923,916,982,844,606,683,1000,148.0a1,904,116,760,47,649,726,775,41,76,0,866,16,327,616,875,778,844,380,702,1000,234 preview,989,118,800,835,649,268,755,41,76,400,925,947,925,513,826,946,555,473,0,934,-,907,123,250,47,597,284,595,41,76,0,817,16,322,488,901,755,444,312,0,934
2026-01-06,145.0.7618.0,991,942,200,894,961,942,837,1000,1000,0,986,16,956,940,875,987,844,585,718,1000,145.0.3775.0,991,942,200,894,971,942,793,1000,1000,0,974,16,951,923,916,984,844,596,714,1000,148.0a1,909,116,760,47,649,710,775,41,76,0,866,16,327,616,875,778,844,369,702,1000,234 preview,989,118,800,835,649,268,755,41,76,400,925,947,925,513,826,946,555,473,0,934,-,911,123,250,47,597,266,552,41,76,0,816,16,322,488,901,755,444,277,0,934
2026-01-07,145.0.7619.0,991,942,200,894,961,942,837,1000,1000,0,986,16,956,940,875,987,844,606,718,1000,145.0.3775.0,991,942,200,894,971,942,837,1000,1000,0,974,16,951,923,916,987,844,606,697,1000,148.0a1,910,116,760,47,649,729,775,41,76,0,864,16,327,616,875,778,844,380,702,1000,234 preview,989,118,800,835,649,268,755,41,76,400,925,947,925,513,826,946,555,472,0,934,-,912,123,250,47,597,284,595,41,76,0,810,16,322,488,901,758,444,312,0,934
2026-01-08,145.0.7622.0,991,942,200,894,961,942,837,1000,1000,0,986,16,956,940,875,974,844,606,718,1000,145.0.3775.0,991,942,200,894,971,942,837,1000,1000,0,977,16,951,923,916,989,844,596,718,1000,148.0a1,910,116,760,47,649,729,775,41,76,0,871,16,327,616,875,778,844,379,702,1000,234 preview,989,118,800,835,649,268,755,41,76,400,925,947,925,513,826,946,555,473,0,934,-,913,123,250,47,597,284,595,41,76,0,819,16,322,488,901,758,444,298,0,934
2026-01-09,145.0.7623.0,991,994,200,894,961,942,837,1000,1000,0,986,16,956,940,875,976,844,606,718,1000,145.0.3775.0,991,994,200,894,971,942,800,1000,1000,0,981,16,924,923,916,974,844,596,716,1000,148.0a1,910,116,760,47,649,729,775,41,76,0,875,16,327,616,875,778,844,380,702,1000,234 preview,989,118,800,835,649,268,755,41,76,400,925,947,925,513,826,946,444,473,0,934,-,913,116,250,47,597,284,558,41,76,0,821,16,320,488,901,755,444,312,0,934
2026-01-10,145.0.7625.0,991,994,200,894,961,942,837,1000,1000,0,986,16,956,940,875,984,844,606,718,1000,145.0.3775.0,991,994,200,894,971,942,837,1000,1000,0,956,16,951,923,916,982,844,606,714,1000,148.0a1,915,116,760,47,649,729,775,41,76,0,879,16,327,616,875,778,844,379,702,1000,234 preview,989,118,800,835,649,268,755,41,76,400,925,947,925,513,826,946,555,472,0,934,-,917,116,250,47,597,284,595,41,76,0,806,16,322,488,901,755,444,312,0,934
2026-01-11,145.0.7628.0,991,993,200,894,961,942,837,1000,1000,0,986,16,956,940,875,974,844,606,718,1000,145.0.3775.0,991,993,200,894,971,942,837,1000,833,0,981,16,951,923,916,976,844,589,714,1000,148.0a1,915,117,760,47,649,726,775,41,76,0,875,16,327,616,875,778,844,380,702,1000,234 preview,989,118,800,835,649,268,755,41,76,400,925,947,925,513,826,946,555,473,0,934,-,917,117,250,47,597,284,595,41,76,0,821,16,322,488,901,755,444,286,0,934
2026-01-12,145.0.7630.0,991,993,200,894,961,942,837,1000,1000,0,986,16,956,940,875,987,844,606,718,1000,145.0.3775.0,991,993,200,894,971,942,837,1000,1000,0,972,16,951,923,916,979,844,606,714,1000,148.0a1,915,117,760,47,649,729,775,41,76,0,875,16,327,616,875,778,844,380,704,1000,234 preview,989,118,800,835,649,268,755,41,76,400,925,947,932,513,826,946,555,467,0,934,-,917,117,250,47,597,284,595,41,76,0,818,16,329,488,901,755,444,312,0,934
2026-01-15,146.0.7635.0,991,993,200,894,961,942,837,1000,1000,0,986,16,956,940,875,974,844,596,718,1000,145.0.3789.1,991,993,200,894,971,942,837,1000,1000,0,981,16,951,923,916,982,844,596,714,1000,149.0a1,916,117,760,47,649,729,775,41,76,0,879,16,327,616,875,778,844,380,702,1000,235 preview,989,118,800,835,649,268,755,41,76,600,925,947,932,513,826,946,555,493,0,934,-,918,117,250,47,597,284,595,41,76,0,826,16,329,488,901,755,444,326,0,934
2026-01-16,146.0.7637.0,991,993,200,894,961,942,837,1000,1000,0,986,16,963,940,875,971,844,606,718,1000,145.0.3789.1,991,993,200,894,971,942,837,1000,1000,0,977,16,951,923,916,979,844,606,716,1000,149.0a1,920,117,760,47,649,729,775,41,76,0,877,16,327,616,875,778,844,380,702,1000,235 preview,989,118,800,835,649,268,755,41,76,600,925,947,938,513,826,946,555,493,0,934,-,922,117,250,47,597,284,595,41,76,0,819,16,327,488,901,755,444,326,0,934
2026-01-17,146.0.7638.0,991,993,200,894,961,942,837,1000,1000,0,986,16,963,940,875,987,844,606,718,1000,145.0.3789.1,991,993,200,894,971,942,837,1000,1000,0,970,16,951,923,916,979,844,585,716,1000,149.0a1,920,117,760,47,649,729,775,41,76,0,877,16,327,616,875,778,844,380,702,1000,235 preview,989,118,800,835,649,268,755,41,76,600,925,947,932,513,826,946,555,493,0,934,-,922,117,250,47,597,284,595,41,76,0,819,16,320,488,901,758,444,294,0,934
2026-01-18,146.0.7639.0,991,993,200,894,961,942,837,1000,1000,0,986,16,963,940,875,979,844,606,718,1000,145.0.3789.1,991,993,200,894,971,942,837,1000,1000,0,917,16,951,923,916,984,844,606,718,1000,149.0a1,920,117,760,47,649,715,775,41,76,0,879,16,327,616,875,778,844,380,702,1000,235 preview,989,118,800,835,649,268,755,41,76,600,925,947,938,513,826,946,555,493,0,934,-,922,117,250,47,597,272,595,41,76,0,771,16,327,488,901,755,444,326,0,934
2026-01-19,146.0.7643.0,991,993,200,894,961,942,837,1000,1000,0,986,16,963,940,875,989,844,606,718,1000,145.0.3789.1,991,993,200,894,971,942,837,1000,1000,0,965,16,951,923,916,979,844,596,714,1000,149.0a1,920,117,960,47,649,710,775,41,76,0,877,16,327,616,875,778,844,380,702,1000,235 preview,989,118,1000,835,649,268,755,41,76,600,925,947,938,513,826,946,555,493,0,934,-,922,117,200,47,597,266,595,41,76,0,810,16,327,488,901,754,444,313,0,934
2026-01-21,146.0.7647.0,991,993,440,894,971,998,837,1000,1000,0,986,16,963,940,875,974,844,606,718,1000,145.0.3800.10,991,993,200,894,980,998,837,1000,1000,0,977,16,951,923,916,989,844,596,716,1000,149.0a1,921,117,960,47,659,785,775,41,76,0,879,16,327,616,875,778,844,380,702,1000,235 preview,989,118,1000,835,649,268,755,41,76,600,925,947,932,513,826,946,555,492,0,934,-,924,117,200,47,597,268,595,41,76,0,825,16,320,488,901,755,444,326,0,934
2026-01-22,146.0.7649.0,991,993,440,894,955,998,837,1000,1000,0,986,16,963,940,875,976,844,606,718,1000,145.0.3800.10,991,993,200,894,964,998,837,1000,1000,0,981,16,951,923,916,984,844,606,714,1000,149.0a1,921,117,960,47,675,785,775,41,76,0,879,16,327,616,875,778,844,380,702,1000,235 preview,989,118,1000,835,665,268,755,41,76,600,925,947,932,513,826,946,555,493,0,934,-,924,117,200,47,597,268,595,41,76,0,826,16,320,488,901,758,444,326,0,934
2026-01-23,146.0.7651.0,991,993,440,894,964,998,837,1000,1000,0,986,16,956,940,875,982,844,606,718,1000,145.0.3800.10,991,993,200,894,974,998,837,1000,1000,0,974,16,951,923,916,984,844,606,699,1000,149.0a1,940,117,960,47,704,785,775,41,76,0,879,16,327,616,875,778,844,380,702,1000,235 preview,989,118,1000,835,675,268,755,41,76,600,925,947,932,513,826,946,555,493,0,934,-,942,117,200,47,601,268,595,41,76,0,825,16,320,488,901,753,444,326,0,934
2026-01-24,146.0.7651.0,991,993,440,894,964,998,837,1000,1000,0,986,16,963,940,875,994,844,606,718,1000,145.0.3800.10,991,993,200,894,974,998,837,1000,1000,0,958,16,951,923,916,989,844,606,701,1000,149.0a1,940,117,960,47,704,785,775,41,76,0,879,16,327,624,875,783,844,380,702,1000,235 preview,989,118,1000,835,675,268,755,41,76,600,925,947,932,513,826,946,555,493,0,934,-,942,117,200,47,601,268,595,41,76,0,809,16,320,488,901,760,444,326,0,934
2026-01-25,146.0.7651.0,991,993,440,894,964,998,837,1000,1000,0,986,16,963,940,875,979,844,606,718,1000,145.0.3800.10,991,993,200,894,974,998,837,1000,1000,0,972,16,951,923,916,987,844,602,713,1000,149.0a1,940,117,960,47,704,785,775,41,76,0,879,16,327,616,875,783,844,380,702,1000,235 preview,989,118,1000,835,675,268,755,41,76,600,925,947,938,513,826,946,555,493,0,934,-,942,117,200,47,601,268,595,41,76,0,815,16,327,488,901,760,444,320,0,934
2026-01-26,146.0.7652.0,991,993,440,894,964,998,837,1000,1000,0,986,16,963,940,875,974,844,606,718,1000,145.0.3800.10,991,993,200,894,974,998,837,1000,1000,0,981,16,951,923,916,982,844,606,714,1000,149.0a1,940,117,960,47,704,776,775,41,76,0,879,16,327,616,875,785,844,380,702,1000,235 preview,989,118,1000,835,675,268,755,41,76,600,925,947,938,513,826,946,555,488,0,934,-,942,117,200,47,601,263,595,41,76,0,826,16,327,488,901,763,444,322,0,934
2026-01-27,146.0.7653.0,991,993,440,894,964,998,837,1000,1000,0,986,16,963,940,875,974,844,606,718,1000,145.0.3800.10,991,993,200,894,974,998,837,1000,1000,0,981,16,937,923,916,979,844,585,704,1000,149.0a1,940,117,960,47,704,782,775,41,76,0,877,16,327,616,875,790,844,380,702,1000,235 preview,989,118,1000,835,675,268,755,41,76,600,925,943,932,513,826,946,555,492,0,934,-,942,117,200,47,601,268,595,41,76,0,823,16,320,488,901,768,444,319,0,934
2026-01-28,146.0.7655.0,991,993,440,894,964,998,837,1000,1000,0,986,16,963,940,875,992,844,606,718,1000,146.0.3818.0,991,993,200,894,974,998,837,1000,1000,0,981,16,958,923,916,982,844,600,716,1000,149.0a1,940,117,960,47,704,782,775,41,76,0,879,16,327,616,875,790,844,380,702,1000,235 preview,989,118,1000,835,675,268,755,39,76,600,925,938,938,513,826,946,555,493,0,934,-,942,117,200,47,601,268,595,39,76,0,826,16,327,488,901,768,444,317,0,934
2026-01-29,146.0.7657.0,991,993,440,894,964,998,837,1000,1000,0,986,16,963,940,875,982,888,606,718,1000,146.0.3818.0,991,993,200,894,974,998,837,1000,1000,0,963,16,958,923,916,976,888,606,716,1000,149.0a1,940,117,960,47,704,785,775,41,76,0,877,16,327,616,875,790,888,380,702,1000,235 preview,989,118,1000,835,675,268,755,41,76,600,925,938,932,513,826,946,555,493,0,934,-,942,117,200,47,601,268,595,41,76,0,806,16,320,488,901,771,444,326,0,934
2026-01-30,146.0.7659.0,991,993,440,894,964,998,837,1000,1000,0,984,16,963,940,875,982,888,596,718,1000,146.0.3818.0,991,993,200,894,974,998,837,1000,1000,0,972,16,958,923,916,976,888,606,718,1000,149.0a1,940,117,960,47,704,785,775,41,76,0,882,16,327,616,875,790,888,380,702,1000,235 preview,989,118,1000,835,675,268,755,41,76,600,922,938,932,513,826,946,555,492,0,934,-,943,117,200,47,601,268,595,41,76,0,823,16,320,488,901,768,444,326,0,934
2026-01-31,146.0.7661.0,991,993,440,894,964,998,837,1000,1000,0,984,16,963,948,875,982,888,606,718,1000,146.0.3818.0,991,993,200,894,974,998,837,1000,1000,0,979,16,958,923,916,971,888,606,716,1000,149.0a1,940,117,960,47,704,785,775,41,76,0,879,16,327,616,875,790,888,380,702,1000,235 preview,989,118,1000,835,675,268,755,41,76,600,922,938,938,513,826,946,555,493,0,934,-,943,117,200,47,601,268,595,41,76,0,823,16,327,488,901,768,444,326,0,934
2026-02-01,146.0.7663.0,991,993,440,894,964,998,837,1000,1000,0,984,16,963,940,875,987,888,606,718,1000,146.0.3818.0,991,993,200,894,974,998,837,1000,1000,0,979,16,958,923,916,979,888,606,718,1000,149.0a1,940,117,960,47,704,785,775,41,76,0,886,16,327,616,875,790,888,380,702,1000,235 preview,989,118,1000,835,675,268,755,41,76,600,922,938,932,513,826,946,555,488,0,934,-,943,117,200,47,601,268,595,41,76,0,829,16,320,488,901,768,444,326,0,934
2026-02-02,146.0.7665.0,991,993,440,894,964,998,837,1000,1000,0,984,16,963,948,875,984,888,606,718,1000,146.0.3818.0,991,993,200,894,974,998,837,1000,1000,0,979,16,958,923,916,987,888,606,716,1000,149.0a1,940,117,960,47,704,785,775,41,76,0,886,16,327,616,875,790,888,380,702,1000,235 preview,989,118,1000,835,675,268,755,41,76,600,922,938,938,513,826,946,555,493,0,934,-,943,117,200,47,601,268,595,41,76,0,830,16,327,488,901,771,444,326,0,934
2026-02-03,146.0.7667.0,991,993,440,894,964,998,837,1000,1000,0,984,16,963,940,875,976,888,606,718,1000,146.0.3818.0,991,993,200,894,974,998,837,1000,1000,0,977,16,958,923,916,984,888,606,718,1000,149.0a1,940,117,960,47,704,785,775,41,76,0,889,16,327,616,875,790,888,380,702,1000,236 preview,989,118,1000,835,675,268,755,41,76,600,922,938,938,513,826,946,555,493,0,934,-,943,117,200,47,601,268,595,41,76,0,832,16,327,488,901,771,444,326,0,934
2026-02-04,146.0.7668.0,991,993,440,894,964,998,837,1000,1000,0,984,16,963,940,875,979,888,606,718,1000,146.0.3829.2,991,993,440,894,974,998,837,1000,1000,0,979,16,958,923,916,984,888,606,716,1000,149.0a1,940,117,960,47,704,785,775,41,76,0,888,16,327,616,875,790,888,380,702,1000,236 preview,989,118,1000,835,675,268,755,41,76,600,922,938,932,513,826,946,555,493,0,934,-,943,117,420,47,601,268,595,41,76,0,833,16,320,488,901,768,444,326,0,934
2026-02-05,146.0.7670.0,991,993,460,894,964,998,837,1000,1000,0,984,942,963,940,875,969,888,606,718,1000,146.0.3829.2,991,993,460,894,974,942,837,1000,1000,0,979,16,958,923,916,974,888,606,714,1000,149.0a1,940,117,1000,551,704,785,775,41,76,0,886,16,327,641,875,790,888,380,702,1000,236 preview,989,118,1000,835,675,268,755,41,76,600,922,938,932,513,826,946,555,487,0,934,-,943,117,460,533,601,268,595,41,76,0,829,16,320,488,901,768,444,326,0,934
2026-02-06,146.0.7672.0,991,993,460,894,964,998,837,1000,1000,0,984,946,963,940,875,992,888,606,718,1000,146.0.3829.2,991,993,460,894,974,998,837,1000,1000,0,979,16,958,923,916,982,888,606,718,1000,149.0a1,940,117,1000,551,704,785,775,41,76,0,888,16,327,641,875,790,888,369,702,1000,236 preview,989,118,1000,835,675,268,755,41,76,600,922,938,938,513,826,946,555,493,0,934,-,943,117,460,533,601,268,595,41,76,0,833,16,327,488,901,771,444,326,0,934
2026-02-07,146.0.7673.0,991,993,460,894,964,998,837,1000,1000,0,984,946,963,940,875,984,888,606,718,1000,146.0.3829.2,991,993,460,894,974,998,837,1000,1000,0,979,16,958,923,916,979,888,606,699,1000,149.0a1,940,117,1000,551,704,785,775,41,76,0,888,16,327,650,875,790,888,380,702,1000,236 preview,989,118,1000,835,675,268,755,41,76,600,922,938,932,513,826,946,555,493,0,934,-,943,117,460,533,601,268,595,41,76,0,833,16,320,488,901,768,444,326,0,934
2026-02-09,146.0.7678.0,991,993,460,894,964,998,837,1000,1000,0,984,946,963,940,875,984,888,606,718,1000,146.0.3829.2,991,993,460,894,974,998,837,1000,1000,0,979,16,958,923,916,982,888,606,702,1000,149.0a1,940,117,1000,551,704,946,775,41,76,0,888,16,327,641,875,790,888,380,702,1000,236 preview,989,118,1000,835,675,268,755,41,76,600,922,938,932,513,826,946,555,493,0,934,-,943,117,460,533,601,268,595,41,76,0,833,16,320,488,901,768,444,326,0,934
2026-02-10,146.0.7679.0,991,993,460,894,964,998,837,1000,1000,0,984,946,963,940,875,987,888,606,718,1000,146.0.3829.2,991,993,460,894,974,998,837,1000,1000,0,979,16,958,923,916,976,888,606,718,1000,149.0a1,940,117,1000,551,704,960,775,41,76,0,886,16,327,641,875,790,888,380,702,1000,236 preview,989,118,1000,835,675,268,755,41,76,600,922,938,938,513,826,946,555,493,0,934,-,943,117,460,533,601,268,595,41,76,0,829,16,327,488,901,766,444,326,0,934
2026-02-11,147.0.7681.0,991,993,460,894,964,998,837,1000,1000,0,984,946,963,940,875,994,888,606,718,1000,146.0.3844.0,991,993,460,894,974,998,793,1000,1000,0,952,16,958,923,916,989,888,606,680,1000,149.0a1,940,117,1000,551,713,960,775,41,76,600,889,16,327,641,875,790,888,380,702,1000,236 preview,989,118,1000,835,675,268,755,41,76,600,922,938,932,513,826,985,555,493,0,934,-,943,117,460,533,601,268,552,41,76,0,806,16,320,488,901,768,444,326,0,934
2026-02-12,147.0.7683.0,991,993,460,894,964,998,837,1000,1000,0,984,946,963,940,875,992,888,606,718,1000,146.0.3844.0,991,993,460,894,974,998,837,1000,1000,0,979,16,958,923,916,989,888,606,716,1000,149.0a1,940,117,1000,551,713,968,775,41,76,600,893,16,327,641,875,790,888,380,702,1000,237 preview,989,118,1000,835,685,268,755,41,76,600,925,938,938,513,826,985,555,493,0,934,-,943,117,460,533,611,268,595,41,76,0,833,16,327,488,901,768,444,326,0,934
2026-02-13,147.0.7685.0,991,993,460,894,964,998,837,1000,1000,0,984,946,963,940,875,992,888,606,718,1000,146.0.3844.0,991,993,460,894,974,998,837,1000,1000,0,974,16,958,923,916,989,888,606,714,1000,149.0a1,940,117,1000,551,713,968,775,41,76,600,893,16,327,641,875,790,888,380,702,1000,237 preview,989,118,1000,835,685,268,755,41,76,600,925,938,938,513,826,985,555,493,0,934,-,943,117,460,533,611,268,595,41,76,0,828,16,327,488,901,768,444,326,0,934
2026-02-14,147.0.7687.0,991,993,460,894,964,998,837,1000,1000,0,984,946,984,940,875,994,888,606,718,1000,146.0.3844.0,991,993,460,894,974,998,837,1000,1000,0,979,16,986,923,916,989,888,606,682,1000,149.0a1,940,117,1000,551,713,954,775,41,76,600,893,16,327,641,875,790,888,380,702,1000,237 preview,989,118,1000,835,685,268,755,41,76,600,925,938,959,513,826,985,555,493,0,934,-,943,117,460,533,611,268,595,41,76,0,831,16,327,488,901,768,444,326,0,934
2026-02-15,147.0.7689.0,991,993,460,894,964,998,837,1000,1000,0,984,946,984,940,875,994,888,606,718,1000,146.0.3844.0,991,993,460,894,974,998,837,1000,1000,0,979,16,986,923,916,989,888,606,716,1000,149.0a1,940,117,1000,607,713,965,775,41,76,600,893,16,327,641,875,790,888,380,702,1000,237 preview,989,118,1000,835,685,268,755,41,76,600,925,938,959,513,826,985,555,493,0,934,-,943,117,460,590,611,268,595,41,76,0,833,16,327,488,901,768,444,326,0,934
2026-02-16,147.0.7690.0,991,993,460,894,964,998,837,1000,1000,0,984,946,984,940,875,994,888,596,718,1000,146.0.3844.0,991,993,460,894,974,998,793,1000,1000,0,979,16,986,923,916,989,888,606,718,1000,149.0a1,940,117,1000,607,713,968,775,41,76,600,893,16,327,641,875,790,888,380,702,1000,237 preview,989,118,1000,835,685,268,755,41,76,600,925,938,952,513,826,985,555,487,0,934,-,943,117,460,590,611,268,552,41,76,0,833,16,320,488,901,768,444,326,0,934
2026-02-17,147.0.7693.0,991,993,460,894,964,998,837,1000,1000,0,984,946,984,940,875,992,888,606,718,1000,146.0.3844.0,991,993,460,894,974,998,837,1000,1000,0,979,16,986,923,916,989,888,606,714,1000,149.0a1,940,117,1000,607,713,968,775,41,76,600,893,16,327,641,875,788,888,380,702,1000,237 preview,989,118,1000,835,685,268,755,41,76,600,925,938,959,513,826,985,555,493,0,934,-,943,117,460,590,611,268,595,41,76,0,833,16,327,488,901,766,444,326,0,934
2026-02-18,147.0.7694.0,991,993,460,894,964,998,837,1000,1000,0,984,946,984,940,875,992,888,606,718,1000,146.0.3856.9,991,993,460,894,974,998,837,1000,1000,0,977,946,986,940,916,989,888,606,716,1000,149.0a1,940,117,1000,607,713,968,775,41,76,600,891,16,327,641,875,790,888,380,702,1000,237 preview,989,118,1000,835,685,268,755,39,76,600,925,938,959,513,826,985,555,493,0,934,-,943,117,460,590,611,268,595,39,76,0,830,16,327,488,901,768,444,326,0,934
2026-02-19,147.0.7695.0,991,993,460,894,964,998,837,1000,1000,0,984,946,984,940,875,994,888,595,718,1000,146.0.3856.9,991,993,460,894,974,998,837,1000,1000,0,963,946,986,940,916,989,888,606,716,1000,149.0a1,940,117,1000,609,713,968,775,41,76,600,891,16,327,641,875,790,888,380,702,1000,237 preview,989,118,1000,835,685,268,755,41,76,600,925,938,959,513,826,985,555,488,0,934,-,943,117,460,592,611,268,595,41,76,0,817,16,327,488,901,768,444,326,0,934
2026-02-20,147.0.7698.0,991,993,460,894,964,998,837,1000,1000,0,984,946,984,940,875,994,888,606,718,1000,146.0.3856.13,991,993,460,894,974,998,837,1000,1000,0,969,944,986,940,916,989,888,606,714,1000,149.0a1,940,117,1000,760,713,968,775,41,76,600,893,16,327,641,875,790,888,380,702,1000,237 preview,989,118,1000,835,685,268,755,41,76,600,925,938,952,513,826,985,555,493,0,934,-,943,117,460,684,611,268,595,41,76,0,828,16,320,488,901,768,444,326,0,934
2026-02-21,147.0.7699.0,991,993,460,894,964,998,837,1000,1000,0,984,946,984,940,875,994,888,606,718,1000,146.0.3856.13,991,993,460,894,974,998,837,958,1000,0,977,944,986,940,916,989,888,606,716,1000,149.0a1,940,117,1000,760,713,968,775,41,76,600,893,16,327,641,875,790,888,380,702,1000,237 preview,989,118,1000,835,685,268,755,41,76,600,925,938,952,513,826,985,555,488,0,934,-,943,117,460,684,611,268,595,41,76,0,831,16,320,488,901,768,444,322,0,934
2026-02-22,147.0.7699.0,991,993,460,894,964,998,837,1000,1000,0,984,946,984,940,875,992,888,606,718,1000,146.0.3856.13,991,993,460,894,974,998,837,1000,1000,0,968,944,986,940,916,989,888,595,718,1000,149.0a1,940,117,1000,760,713,968,775,41,76,600,891,16,327,641,875,790,888,380,702,1000,237 preview,989,118,1000,835,685,268,755,41,76,600,925,938,952,513,826,985,555,487,0,934,-,943,117,460,684,611,268,595,41,76,0,826,16,320,488,901,768,444,321,0,934
2026-02-23,147.0.7700.0,991,993,460,894,964,998,837,1000,1000,0,984,946,984,940,875,992,888,606,718,1000,146.0.3856.13,991,993,460,894,974,998,837,1000,1000,0,977,944,986,940,916,987,888,606,716,1000,149.0a1,940,117,1000,760,713,968,775,41,76,600,893,16,327,641,875,790,888,380,702,1000,237 preview,989,118,1000,835,685,268,755,41,76,600,925,938,952,513,826,985,555,493,0,934,-,943,117,460,684,611,268,595,41,76,0,833,16,320,488,901,766,444,326,0,934
2026-02-24,147.0.7702.0,991,993,460,894,964,998,837,1000,1000,0,984,946,984,940,875,994,888,777,718,1000,146.0.3856.20,991,993,460,894,974,998,837,1000,1000,0,977,944,986,940,916,989,888,770,701,1000,150.0a1,940,117,1000,828,713,968,775,41,76,600,893,16,327,641,875,790,888,534,702,1000,237 preview,989,118,1000,838,685,268,755,41,76,600,925,938,952,513,826,985,555,687,0,934,-,943,117,460,697,611,268,595,41,76,0,833,16,320,488,901,768,444,222,0,934
2026-02-25,147.0.7703.0,991,993,460,894,964,998,837,1000,1000,0,984,946,984,940,875,992,888,777,718,1000,147.0.3878.0,991,993,460,894,974,998,837,1000,1000,0,970,946,986,940,916,989,888,777,716,1000,150.0a1,940,117,1000,828,713,968,775,41,76,600,893,16,327,641,875,790,888,534,702,1000,237 preview,989,118,1000,838,685,268,755,41,76,600,925,938,952,513,826,985,555,687,0,934,-,943,117,460,698,611,268,595,41,76,0,829,16,320,488,901,768,444,222,0,934
2026-02-26,147.0.7705.0,995,993,460,894,964,998,837,1000,1000,0,984,946,984,940,875,994,888,774,718,1000,147.0.3878.0,995,993,460,894,974,998,837,1000,1000,0,977,943,986,940,916,989,888,788,716,1000,150.0a1,945,117,1000,828,915,968,775,41,76,1000,893,16,337,641,875,790,777,534,702,1000,237 preview,994,118,1000,838,685,268,755,41,76,800,925,938,952,513,826,985,555,687,0,934,-,943,117,460,698,620,268,595,41,76,0,833,16,330,488,901,768,444,222,0,934
2026-02-27,147.0.7708.0,995,993,1000,894,964,998,837,1000,1000,0,984,946,984,940,875,994,888,777,718,1000,147.0.3878.0,995,993,460,894,974,998,837,1000,1000,0,974,943,986,940,916,987,888,792,697,1000,150.0a1,975,117,1000,828,915,968,775,41,76,1000,893,16,337,667,875,790,888,534,702,1000,238 preview,994,118,1000,838,685,484,755,41,1000,800,922,938,946,513,826,985,555,691,0,934,-,973,117,460,698,620,484,595,41,76,0,830,16,330,513,901,766,444,226,0,934
2026-02-28,147.0.7709.0,995,993,1000,894,964,998,837,958,1000,0,984,946,984,940,875,994,888,788,718,1000,147.0.3878.0,995,993,460,894,974,998,837,1000,1000,0,972,943,986,940,916,989,888,788,718,1000,150.0a1,975,117,1000,828,935,968,775,41,76,1000,893,16,337,667,875,790,888,534,702,1000,238 preview,994,118,1000,838,685,484,755,41,1000,800,922,938,953,513,826,985,444,689,0,934,-,973,117,460,698,640,484,595,36,76,0,826,16,337,513,901,768,444,225,0,934
2026-03-01,147.0.7710.0,995,993,1000,894,964,998,837,1000,1000,0,984,946,984,940,875,994,888,777,718,1000,147.0.3878.0,995,993,435,894,974,998,837,958,1000,0,974,943,986,940,916,989,888,777,716,1000,150.0a1,975,117,1000,828,935,968,775,41,76,1000,893,16,337,667,875,790,888,534,702,1000,238 preview,994,118,1000,838,685,484,755,41,1000,1000,922,938,946,513,826,985,444,690,0,934,-,973,117,435,698,640,484,595,39,76,0,830,16,330,513,901,768,444,225,0,934
2026-03-02,147.0.7713.0,995,993,1000,894,964,998,837,1000,1000,0,984,946,984,940,875,994,888,777,718,1000,147.0.3878.0,995,993,435,894,974,998,837,1000,1000,0,963,943,979,940,916,987,888,787,716,1000,150.0a1,975,117,1000,828,935,968,775,41,76,1000,893,16,337,667,875,790,888,534,702,1000,238 preview,994,118,1000,838,685,484,755,41,1000,800,922,938,953,513,826,985,555,690,0,934,-,973,117,435,698,640,484,595,41,76,0,822,16,337,513,901,766,444,226,0,934
2026-03-03,147.0.7714.0,995,993,1000,894,964,998,837,1000,1000,0,984,946,984,940,875,994,888,787,718,1000,147.0.3878.0,995,993,435,894,974,998,837,1000,1000,0,972,943,986,940,916,989,888,777,718,1000,150.0a1,975,117,1000,831,935,968,775,41,76,1000,891,16,338,667,875,790,888,534,702,1000,238 preview,994,118,1000,838,685,484,755,41,1000,800,922,938,946,513,826,985,555,691,0,934,-,973,117,435,698,640,484,595,41,76,0,826,16,331,513,901,768,444,226,0,934
2026-03-04,147.0.7717.0,995,993,1000,894,964,998,837,1000,1000,0,984,1000,984,940,875,992,888,777,718,1000,147.0.3890.0,995,993,435,894,974,998,837,1000,1000,0,972,946,986,940,916,989,888,792,718,1000,150.0a1,975,117,1000,832,951,968,775,41,76,1000,893,16,338,667,875,790,888,534,702,1000,238 preview,994,118,1000,838,685,484,755,41,1000,800,922,938,953,513,826,985,444,691,0,934,-,973,117,435,698,640,484,595,41,76,0,830,16,338,513,901,768,444,226,0,934
2026-03-05,147.0.7720.0,995,994,1000,894,964,998,837,1000,1000,0,984,1000,984,940,875,994,888,777,718,1000,147.0.3890.0,995,994,435,894,974,998,793,1000,1000,0,974,946,986,940,916,989,888,788,718,1000,150.0a1,975,117,1000,832,951,968,775,41,76,1000,893,16,338,693,875,790,777,534,702,1000,238 preview,994,118,1000,838,683,484,755,41,1000,800,922,938,946,513,826,985,555,691,0,934,-,973,117,435,698,638,484,591,41,76,0,828,16,331,513,901,768,444,226,0,934
2026-03-06,147.0.7721.0,995,994,1000,894,964,998,837,1000,1000,0,984,1000,984,940,875,994,888,777,718,1000,147.0.3890.0,995,994,435,894,974,998,837,1000,1000,0,971,946,986,940,916,987,888,788,713,1000,150.0a1,975,117,1000,832,951,968,775,41,76,1000,902,16,339,693,875,790,888,546,702,1000,238 preview,994,118,1000,838,683,484,755,41,1000,1000,922,938,946,513,826,985,555,691,0,934,-,973,117,435,698,638,484,595,41,76,0,832,16,332,513,901,766,444,240,0,934
2026-03-07,147.0.7723.0,995,994,1000,894,964,998,837,1000,1000,0,984,965,984,940,875,994,888,775,718,1000,147.0.3890.0,995,994,435,894,974,998,837,1000,833,0,977,946,986,940,916,987,888,788,718,1000,150.0a1,975,117,1000,832,951,968,775,41,76,1000,897,16,340,693,875,790,888,546,702,1000,238 preview,994,118,1000,838,683,484,755,41,1000,800,922,938,953,513,826,985,555,691,0,934,-,973,117,435,698,638,484,595,41,76,0,835,16,340,513,901,766,444,240,0,934
2026-03-08,147.0.7724.0,995,994,1000,894,964,998,837,1000,1000,0,984,965,984,940,875,994,888,777,718,1000,147.0.3890.0,995,994,435,894,974,998,837,1000,1000,0,977,946,986,940,916,989,888,792,714,1000,150.0a1,975,117,1000,832,951,968,775,41,76,1000,902,16,338,693,875,790,888,546,702,1000,238 preview,994,118,1000,838,683,484,755,41,1000,800,922,938,953,513,826,985,555,685,0,934,-,973,117,435,698,638,484,595,41,76,0,840,16,338,513,901,768,444,240,0,934
2026-03-09,147.0.7726.0,995,994,1000,894,964,998,837,1000,1000,0,984,965,984,940,875,994,888,777,718,1000,147.0.3890.0,995,994,435,894,974,998,837,1000,1000,0,977,946,986,940,916,987,888,788,718,1000,150.0a1,975,117,1000,832,951,968,775,41,76,1000,902,16,339,693,875,790,888,546,702,1000,238 preview,994,118,1000,838,683,484,755,41,1000,1000,922,938,953,513,826,985,444,691,0,934,-,973,117,435,698,638,484,595,41,76,0,840,16,339,513,901,766,444,240,0,934
2026-03-10,147.0.7727.0,995,994,1000,894,964,998,837,1000,1000,0,984,965,984,940,875,994,888,777,718,1000,147.0.3890.0,995,994,435,894,974,998,837,1000,1000,0,977,946,986,940,916,989,888,788,701,1000,150.0a1,975,117,1000,832,951,968,775,41,76,1000,902,16,340,693,875,790,888,546,702,1000,238 preview,994,118,1000,838,683,456,755,41,1000,800,918,938,946,513,826,982,444,691,0,934,-,973,117,435,698,638,456,595,41,76,0,833,16,333,513,901,768,444,240,0,934
2026-03-11,148.0.7728.0,995,994,1000,894,964,998,837,1000,1000,0,984,965,984,940,875,994,888,777,718,1000,147.0.3890.0,995,994,435,894,974,998,837,1000,1000,0,977,946,986,940,916,989,888,792,716,1000,150.0a1,975,117,1000,832,951,968,775,41,76,1000,902,16,340,693,875,790,888,546,702,1000,238 preview,994,118,1000,838,683,484,755,41,1000,800,922,931,946,513,826,985,555,691,0,934,-,973,117,435,698,638,484,595,41,76,0,838,16,333,513,901,768,444,240,0,934
2026-03-12,148.0.7731.0,995,994,1000,894,964,998,837,1000,1000,0,984,965,984,940,875,992,888,777,718,1000,147.0.3901.1,995,994,1000,894,974,998,837,1000,1000,0,977,1000,986,940,916,987,888,788,714,1000,150.0a1,975,117,1000,832,951,968,775,41,76,1000,900,16,340,693,875,790,888,546,702,1000,239 preview,994,118,1000,838,683,484,755,41,1000,800,922,931,963,513,826,985,444,691,0,934,-,973,117,1000,698,638,484,595,41,76,0,837,16,333,513,901,766,444,240,0,934
2026-03-13,148.0.7733.0,995,994,1000,894,964,998,837,1000,1000,0,984,965,984,940,875,994,888,788,718,1000,147.0.3901.1,995,994,1000,894,974,998,837,1000,1000,0,965,1000,986,940,916,989,888,788,718,1000,150.0a1,975,117,1000,832,951,968,775,41,76,1000,902,16,340,693,875,790,888,558,702,1000,239 preview,994,118,1000,838,683,484,755,41,1000,1000,922,931,963,513,826,982,555,690,0,934,-,973,117,1000,698,638,484,595,41,76,0,831,16,333,513,901,768,444,253,0,934
2026-03-14,148.0.7733.0,995,994,1000,894,964,998,837,1000,1000,0,984,965,984,940,875,992,888,766,718,1000,147.0.3901.1,995,994,1000,894,974,998,837,1000,1000,0,974,1000,986,948,916,989,888,788,716,1000,150.0a1,975,117,1000,832,951,968,775,41,76,1000,909,16,340,693,875,790,888,558,702,1000,239 preview,994,118,1000,838,683,484,755,41,1000,800,922,931,970,513,826,985,555,691,0,934,-,973,117,1000,698,638,484,595,41,76,0,849,16,340,513,901,768,444,241,0,934
2026-03-15,148.0.7733.0,995,994,1000,894,964,998,837,1000,1000,0,984,965,984,940,875,992,888,787,718,1000,147.0.3901.1,995,994,1000,894,974,998,837,1000,1000,0,977,1000,965,940,916,989,888,792,714,1000,150.0a1,975,117,1000,832,951,968,775,41,76,1000,911,16,340,693,875,790,888,558,702,1000,239 preview,994,118,1000,838,683,484,755,41,1000,800,922,931,963,513,826,985,555,691,0,934,-,973,117,1000,698,638,484,595,41,76,0,850,16,326,513,901,768,444,253,0,934
2026-03-16,148.0.7735.2,995,994,1000,894,964,998,837,1000,1000,0,984,965,984,940,875,994,888,777,718,1000,147.0.3901.1,995,994,1000,894,974,998,837,1000,1000,0,977,1000,986,940,916,989,888,777,714,1000,150.0a1,975,117,1000,832,951,968,775,41,76,1000,911,16,340,693,875,790,888,558,702,1000,239 preview,994,118,1000,838,683,484,755,41,1000,1000,922,931,963,513,826,985,555,691,0,934,-,973,117,1000,698,638,484,595,41,76,0,851,16,333,513,901,768,444,253,0,934
2026-03-17,148.0.7738.0,995,994,1000,894,964,998,837,1000,1000,0,984,965,984,940,875,992,888,777,718,1000,147.0.3912.10,995,994,1000,894,974,998,837,1000,1000,0,974,965,986,940,916,989,888,792,714,1000,150.0a1,975,117,1000,832,951,968,775,41,76,1000,909,16,340,693,875,790,888,558,702,1000,239 preview,994,118,1000,838,683,484,755,41,1000,800,922,931,963,513,826,985,444,691,0,934,-,973,117,1000,698,638,484,595,41,76,0,846,16,333,513,901,768,444,253,0,934
2026-03-18,148.0.7739.0,995,994,1000,894,964,998,837,1000,1000,0,984,965,984,940,875,994,888,788,718,1000,147.0.3912.10,995,994,1000,894,974,998,837,1000,1000,0,977,965,986,940,916,989,888,788,647,1000,150.0a1,975,117,1000,832,951,968,775,41,76,1000,911,16,340,693,875,795,888,558,702,1000,239 preview,994,118,1000,838,683,484,755,41,1000,800,922,931,963,513,826,985,555,691,0,934,-,973,117,1000,698,638,484,595,41,76,0,851,16,333,513,901,773,444,253,0,934
2026-03-27,148.0.7758.0,1000,994,1000,894,964,998,837,1000,1000,0,984,965,984,940,875,992,888,777,843,1000,148.0.3928.0,1000,994,1000,894,974,998,837,1000,1000,0,979,965,986,923,916,989,888,788,833,1000,151.0a1,979,117,1000,919,971,968,775,41,76,1000,911,16,340,693,875,795,1000,602,820,1000,240 preview,994,118,1000,838,683,484,755,41,1000,1000,922,938,970,547,826,985,444,750,585,934,-,977,117,1000,785,647,484,595,41,76,0,851,16,340,547,901,773,444,366,492,934
2026-03-28,148.0.7759.0,1000,994,1000,894,964,998,837,1000,1000,0,984,965,984,940,875,994,888,777,843,1000,148.0.3928.0,1000,994,1000,894,974,998,837,1000,1000,0,979,965,979,923,916,989,888,788,819,1000,151.0a1,979,117,1000,919,971,968,775,41,76,1000,911,16,340,693,875,795,1000,602,820,1000,240 preview,994,118,1000,838,683,466,755,41,1000,800,922,938,970,547,826,977,555,750,585,934,-,977,117,1000,785,647,466,595,41,76,0,850,16,337,547,901,771,444,366,474,934
2026-03-29,148.0.7760.0,1000,994,1000,894,964,998,837,1000,1000,0,984,965,984,940,875,994,888,777,843,1000,148.0.3928.0,1000,994,1000,894,974,998,837,1000,1000,0,979,965,986,923,916,989,888,788,835,1000,151.0a1,979,117,1000,919,971,968,775,41,76,1000,909,16,340,693,875,795,1000,602,820,1000,240 preview,994,118,1000,838,683,484,755,41,1000,800,922,938,970,547,826,985,444,750,585,934,-,977,117,1000,785,647,484,595,41,76,0,847,16,340,547,901,773,444,366,492,934
2026-03-30,148.0.7763.0,1000,994,1000,894,964,998,837,1000,1000,0,984,965,984,940,875,994,888,777,843,1000,148.0.3928.0,1000,994,1000,894,974,998,837,1000,1000,0,972,965,986,923,916,987,888,782,835,1000,151.0a1,979,117,1000,919,971,968,775,41,76,1000,909,16,340,693,875,795,1000,602,820,1000,240 preview,994,118,1000,838,683,484,755,41,1000,800,922,938,970,547,826,985,555,750,585,934,-,977,117,1000,785,647,484,595,41,76,0,842,16,340,547,901,771,444,359,492,934
2026-03-31,148.0.7766.0,1000,994,1000,894,964,998,837,1000,1000,0,984,965,984,940,875,994,888,777,843,1000,148.0.3943.0,1000,994,1000,894,974,998,837,1000,1000,0,979,965,986,923,916,989,888,777,840,1000,151.0a1,979,117,1000,919,971,968,775,41,76,1000,911,16,340,693,875,795,1000,602,820,1000,240 preview,989,118,1000,838,683,484,755,41,1000,800,922,938,970,547,826,985,555,750,585,934,-,973,117,1000,785,647,484,595,41,76,0,850,16,340,547,901,773,444,359,497,934
2026-04-01,148.0.7767.0,1000,994,1000,894,964,998,837,1000,1000,0,984,965,984,940,875,994,888,787,843,1000,148.0.3943.0,1000,994,1000,894,974,998,837,1000,1000,0,979,965,986,923,916,989,888,788,843,1000,151.0a1,979,117,1000,919,971,968,775,41,76,1000,911,16,340,693,875,795,1000,602,820,1000,240 preview,994,118,1000,838,683,484,755,41,1000,800,922,938,970,547,826,985,555,750,585,934,-,977,117,1000,785,647,484,595,41,76,0,850,16,340,547,901,773,444,366,497,934
2026-04-02,148.0.7769.0,1000,994,1000,894,964,1000,837,1000,1000,0,984,965,984,940,875,994,888,867,843,1000,148.0.3943.0,1000,994,1000,894,974,1000,837,1000,1000,0,977,965,986,923,916,989,888,867,843,1000,151.0a1,979,117,1000,972,971,972,775,41,76,1000,911,16,340,693,875,795,1000,681,820,1000,240 preview,994,118,1000,838,683,484,755,41,1000,800,922,938,970,547,826,985,444,834,585,934,-,977,117,1000,785,647,484,595,41,76,0,847,16,340,547,901,773,444,409,497,934
2026-04-03,148.0.7770.0,1000,994,1000,894,964,1000,837,1000,1000,0,984,965,984,940,875,997,888,855,843,1000,148.0.3943.0,1000,994,1000,894,974,1000,837,1000,1000,0,979,965,986,923,916,987,888,871,842,1000,151.0a1,979,117,1000,972,971,972,775,41,76,1000,909,16,340,693,875,795,1000,681,820,1000,240 preview,994,118,1000,838,683,484,755,41,1000,1000,922,938,970,547,826,985,555,833,585,934,-,977,117,1000,785,647,484,595,41,76,0,847,16,340,547,901,771,444,409,497,934
2026-04-04,148.0.7772.0,1000,994,1000,894,964,1000,837,1000,1000,0,984,965,984,940,875,997,888,867,843,1000,148.0.3943.0,1000,994,1000,894,974,1000,837,1000,1000,0,979,965,986,923,916,989,888,867,838,1000,151.0a1,979,117,1000,972,971,972,775,41,76,1000,911,16,350,693,875,795,1000,681,820,1000,240 preview,994,118,1000,838,683,456,755,41,1000,800,918,938,970,547,826,982,555,834,585,934,-,977,117,1000,785,647,456,595,41,76,0,846,16,350,547,901,773,444,409,497,934
2026-04-05,148.0.7774.0,1000,994,1000,894,964,1000,837,1000,1000,0,984,965,984,940,875,997,888,856,843,1000,148.0.3943.0,1000,994,1000,894,974,1000,837,1000,1000,0,977,965,986,923,916,987,888,867,843,1000,151.0a1,979,117,1000,972,971,972,775,41,76,1000,911,16,350,693,875,795,1000,681,820,1000,240 preview,994,118,1000,838,683,484,755,41,1000,800,922,938,970,547,826,985,555,834,585,934,-,977,117,1000,785,647,484,595,41,76,0,851,16,350,547,901,771,444,409,497,934
2026-04-06,148.0.7776.0,1000,994,1000,894,964,1000,837,1000,1000,0,984,965,984,940,875,997,888,856,843,1000,148.0.3943.0,1000,994,1000,894,974,1000,837,1000,1000,0,979,965,986,923,916,989,888,867,824,1000,151.0a1,979,117,1000,972,971,972,775,41,76,1000,911,16,350,693,875,795,1000,681,820,1000,240 preview,994,118,1000,838,683,484,755,41,1000,800,922,938,963,547,826,985,444,833,585,934,-,977,117,1000,785,647,484,595,41,76,0,851,16,344,547,901,773,444,409,497,934
2026-04-08,149.0.7779.0,993,994,1000,894,972,1000,837,1000,1000,0,984,965,984,940,875,997,888,856,843,1000,148.0.3956.0,1000,994,1000,894,974,1000,837,1000,1000,0,977,965,986,923,916,989,888,847,842,1000,151.0a1,979,117,1000,972,971,972,775,41,76,1000,911,16,350,693,875,795,1000,681,820,1000,240 preview,994,118,1000,838,683,456,755,41,1000,800,918,938,969,547,826,982,444,834,585,934,-,971,117,1000,785,647,456,595,41,76,0,843,16,350,547,901,773,444,393,497,934
2026-04-13,149.0.7789.0,993,994,1000,894,972,1000,837,1000,1000,0,984,965,985,940,875,997,888,866,848,1000,148.0.3956.0,1000,994,1000,894,974,1000,793,1000,1000,0,986,965,986,923,916,987,888,867,843,1000,151.0a1,979,117,1000,972,971,972,775,41,76,1000,911,16,389,757,875,795,1000,692,820,1000,241 preview,994,122,1000,838,683,484,755,41,1000,800,925,938,969,547,833,985,444,932,585,939,-,971,117,1000,785,647,484,568,41,76,0,859,16,389,547,909,771,444,514,497,939
2026-04-15,149.0.7792.0,993,994,1000,894,972,1000,837,1000,1000,0,986,965,985,940,875,997,888,856,848,1000,148.0.3967.8,1000,994,1000,894,974,1000,837,1000,1000,0,986,965,986,923,916,992,888,862,840,1000,151.0a1,979,117,1000,972,971,955,775,41,76,1000,911,16,389,757,875,795,1000,693,820,1000,241 preview,994,122,1000,838,683,484,755,41,1000,800,925,938,969,547,833,985,444,932,585,939,-,971,117,1000,785,647,484,595,41,76,0,859,16,389,547,909,776,444,506,497,939
2026-04-21,149.0.7804.0,993,998,1000,894,972,884,837,1000,1000,0,988,965,985,940,875,997,888,856,792,1000,148.0.3967.12,1000,998,1000,894,974,1000,837,1000,1000,0,977,965,986,923,916,989,888,867,700,1000,152.0a1,983,125,1000,972,971,1000,775,41,76,1000,879,16,389,763,875,798,1000,693,686,1000,241 preview,994,130,1000,838,683,484,755,41,1000,800,925,938,969,547,833,985,555,932,644,939,-,975,125,1000,785,647,484,595,41,76,0,820,16,389,547,909,776,444,514,473,939
2026-04-26,149.0.7811.0,993,998,1000,894,972,884,837,1000,1000,0,988,965,985,940,875,997,888,856,792,1000,149.0.3984.0,993,998,1000,894,982,1000,837,1000,1000,0,972,965,966,923,916,992,888,867,746,1000,152.0a1,985,125,1000,972,971,1000,775,41,76,1000,880,16,389,763,875,798,1000,704,686,1000,242 preview,994,996,1000,838,683,604,755,1000,1000,1000,925,938,976,547,833,985,444,956,644,939,-,977,125,1000,785,655,598,595,41,76,0,816,16,380,547,909,778,444,538,494,939
2026-04-30,149.0.7818.0,999,998,1000,947,980,884,837,1000,1000,0,988,1000,988,940,875,997,888,866,793,1000,149.0.3993.0,999,998,1000,894,982,884,837,1000,1000,0,979,1000,990,923,916,992,888,867,768,1000,152.0a1,989,126,1000,972,980,1000,775,41,76,1000,879,16,486,776,875,798,1000,739,686,1000,242 preview,993,996,1000,838,683,688,755,1000,1000,1000,925,938,973,547,833,982,444,956,644,939,-,988,126,1000,785,655,688,595,41,76,0,819,16,480,547,909,778,444,582,472,939
2026-05-01,149.0.7819.0,999,998,1000,1000,980,884,837,1000,1000,0,988,1000,988,940,875,997,888,856,793,1000,149.0.3993.0,999,998,1000,894,982,884,837,1000,1000,0,979,1000,990,923,916,989,888,867,790,1000,152.0a1,992,126,1000,970,980,1000,775,41,76,1000,879,16,486,846,875,798,1000,739,686,1000,242 preview,993,996,1000,836,683,688,755,1000,1000,800,925,938,973,547,833,985,555,956,644,969,-,990,126,1000,784,655,688,595,41,76,0,821,16,480,547,909,776,444,571,494,969
2026-05-02,149.0.7822.0,999,998,1000,1000,980,884,837,1000,1000,0,987,1000,988,940,875,997,888,844,793,1000,149.0.3993.0,999,998,1000,894,982,884,837,1000,1000,0,981,1000,990,923,916,987,888,856,755,1000,152.0a1,992,126,1000,996,980,1000,775,41,76,1000,879,16,486,846,875,798,1000,739,686,1000,242 preview,993,996,1000,836,683,661,755,1000,1000,1000,921,938,979,547,833,982,555,956,644,939,-,990,126,1000,784,655,661,595,41,76,0,817,16,486,547,909,776,444,571,474,939
2026-05-04,149.0.7826.0,999,998,1000,1000,980,884,837,1000,1000,0,942,1000,988,940,875,997,888,867,793,1000,149.0.3993.0,999,998,1000,894,982,884,837,1000,1000,0,933,1000,990,923,916,989,888,849,773,1000,152.0a1,992,126,1000,996,980,1000,775,41,76,1000,936,16,498,846,875,798,1000,739,686,1000,242 preview,993,996,1000,836,683,688,755,1000,1000,800,880,938,979,547,833,985,555,956,644,939,-,990,126,1000,784,655,688,595,41,76,0,823,16,498,547,909,776,444,582,494,939
2026-05-05,149.0.7827.2,999,998,1000,1000,980,884,837,1000,1000,0,942,1000,989,940,875,997,888,856,793,1000,149.0.3993.0,999,998,1000,894,982,884,837,1000,1000,0,933,1000,990,923,916,992,888,871,792,1000,152.0a1,992,126,1000,996,980,1000,775,41,76,933,934,16,505,846,875,798,1000,739,686,1000,242 preview,993,996,1000,836,683,603,755,1000,1000,733,880,938,979,547,833,980,555,956,644,939,-,990,126,1000,784,655,603,595,41,76,0,818,16,505,547,909,776,444,571,494,939
2026-05-06,150.0.7828.0,999,998,1000,1000,980,884,837,1000,1000,0,942,1000,989,940,875,997,888,856,793,1000,149.0.4009.0,999,998,1000,894,982,884,837,1000,1000,0,935,1000,990,923,916,930,888,856,793,1000,152.0a1,992,126,1000,996,980,1000,775,41,76,933,936,16,505,846,875,798,1000,739,686,1000,242 preview,993,996,1000,836,683,598,755,1000,1000,933,880,938,979,547,833,985,444,956,644,969,-,990,126,1000,784,655,598,595,41,76,0,823,16,505,547,909,776,444,560,494,969
2026-05-07,150.0.7831.0,999,998,1000,1000,980,884,837,1000,1000,933,942,1000,989,940,875,997,888,867,793,1000,149.0.4009.0,999,998,1000,894,982,884,837,1000,1000,0,930,1000,970,923,916,933,888,871,732,1000,152.0a1,992,126,1000,996,980,1000,775,41,1000,933,936,16,505,871,875,798,1000,739,686,1000,243 preview,993,996,1000,836,683,715,755,1000,1000,733,880,936,979,547,833,985,666,956,644,939,-,990,126,1000,784,655,715,595,41,1000,0,818,16,495,547,909,778,666,582,494,939
2026-05-08,150.0.7832.0,999,997,1000,1000,980,884,837,1000,1000,933,942,1000,989,940,875,994,888,867,793,1000,149.0.4009.0,999,997,1000,894,982,884,837,1000,1000,0,935,1000,990,923,916,933,888,867,789,1000,152.0a1,992,123,1000,996,980,1000,775,41,1000,933,936,16,505,897,875,798,1000,739,686,1000,243 preview,993,1000,1000,836,683,689,755,1000,1000,933,875,936,979,547,833,982,666,956,644,939,-,990,123,1000,784,655,689,595,41,1000,0,818,16,505,547,909,778,666,582,494,939
2026-05-09,150.0.7834.0,999,997,1000,1000,980,884,837,1000,1000,933,942,1000,989,940,875,997,888,845,793,1000,149.0.4009.0,999,997,1000,894,982,884,837,1000,1000,0,935,1000,983,923,916,933,888,856,791,1000,152.0a1,992,123,1000,996,980,1000,775,41,1000,933,936,16,505,897,875,798,1000,739,686,1000,243 preview,993,1000,1000,836,683,715,755,1000,1000,733,880,936,979,547,833,985,777,956,644,939,-,990,123,1000,784,655,715,595,41,1000,0,823,16,498,547,909,778,666,571,494,939
2026-05-10,150.0.7834.0,999,997,1000,1000,980,884,837,1000,1000,933,942,1000,989,940,875,997,888,856,793,1000,149.0.4009.0,999,997,1000,894,982,884,837,1000,1000,0,933,1000,990,923,916,933,888,857,791,1000,152.0a1,992,123,1000,996,980,1000,775,41,1000,933,936,16,505,897,875,798,1000,739,686,1000,243 preview,993,1000,1000,836,683,715,755,1000,1000,733,880,936,979,547,833,985,666,956,644,939,-,990,123,1000,784,655,715,595,41,1000,0,820,16,505,547,909,778,666,561,494,939
2026-05-11,150.0.7834.0,999,997,1000,1000,980,884,837,1000,1000,933,942,1000,989,940,875,997,888,856,793,1000,149.0.4009.0,999,997,1000,894,982,884,837,1000,833,0,926,1000,983,923,916,933,888,849,791,1000,152.0a1,992,123,1000,996,980,1000,775,41,1000,933,934,16,505,897,875,798,1000,739,686,1000,243 preview,993,1000,1000,836,683,697,755,1000,1000,733,880,936,973,547,833,977,666,956,644,939,-,990,123,1000,784,655,697,595,41,833,0,817,16,498,547,909,773,666,560,494,939
2026-05-12,150.0.7836.0,999,997,1000,1000,980,884,837,1000,1000,933,940,1000,989,940,875,995,888,856,793,1000,149.0.4009.0,999,997,1000,894,982,884,837,1000,1000,0,933,1000,990,923,916,929,888,867,793,1000,152.0a1,992,123,1000,970,980,1000,775,41,1000,933,934,16,505,897,875,798,1000,739,686,1000,243 preview,993,1000,1000,836,683,715,755,1000,1000,933,878,936,979,547,833,983,777,956,644,939,-,990,123,1000,784,655,715,595,41,1000,0,818,16,505,547,909,777,666,571,494,939
2026-05-13,150.0.7838.0,999,997,1000,1000,980,884,837,1000,1000,933,987,1000,989,991,875,995,888,866,793,1000,149.0.4022.4,999,997,1000,1000,990,884,793,1000,1000,0,930,1000,991,923,916,988,888,867,789,1000,152.0a1,993,123,1000,970,990,1000,775,41,1000,933,936,16,505,897,875,798,1000,739,686,1000,243 preview,993,1000,1000,836,683,715,755,1000,1000,733,879,936,979,547,833,981,666,956,644,939,-,991,123,1000,836,663,715,591,41,1000,0,818,16,505,547,909,776,666,582,494,939
2026-05-14,150.0.7840.0,999,997,1000,1000,980,965,837,1000,1000,933,987,1000,989,991,875,995,888,861,793,1000,149.0.4022.4,999,997,1000,1000,990,965,837,1000,1000,0,924,1000,991,923,916,990,888,865,791,1000,152.0a1,993,123,1000,970,990,931,775,41,1000,933,936,16,555,897,875,798,1000,739,686,1000,243 preview,993,1000,1000,836,683,751,755,1000,1000,733,880,936,979,547,833,983,777,956,644,939,-,991,123,1000,836,663,741,595,41,1000,0,814,16,555,547,909,778,666,571,494,939
2026-05-15,150.0.7841.0,999,1000,1000,1000,980,965,837,1000,1000,933,991,1000,992,991,875,995,888,862,793,1000,149.0.4022.8,999,1000,1000,1000,990,965,837,1000,1000,0,937,1000,992,923,916,990,888,845,791,1000,152.0a1,993,122,1000,970,990,931,775,41,1000,933,941,16,555,974,875,798,1000,739,686,1000,243 preview,993,997,1000,836,683,751,755,1000,1000,733,884,940,980,547,833,983,777,955,644,939,-,991,122,1000,836,663,741,595,41,1000,0,821,16,555,547,909,778,666,559,494,939
2026-05-16,150.0.7843.0,999,1000,1000,1000,980,965,837,1000,1000,933,991,1000,992,991,916,993,888,861,797,1000,149.0.4022.8,999,1000,1000,1000,990,965,837,1000,1000,0,937,1000,992,923,916,990,888,856,793,1000,152.0a1,993,122,1000,970,990,931,775,41,1000,933,941,16,555,974,916,798,1000,739,686,1000,243 preview,993,997,1000,836,683,751,755,1000,1000,733,884,940,974,547,875,983,666,956,644,939,-,991,122,1000,836,663,741,595,41,1000,0,821,16,549,547,869,778,666,560,494,939
2026-05-17,150.0.7843.0,999,1000,1000,1000,980,965,837,1000,1000,933,991,1000,992,991,916,995,888,861,797,1000,149.0.4022.8,999,1000,1000,1000,990,965,837,1000,1000,0,937,1000,992,923,916,990,888,871,793,1000,152.0a1,993,992,1000,973,990,931,775,41,1000,933,941,16,559,974,916,798,1000,739,686,1000,243 preview,993,997,1000,836,683,724,755,1000,1000,733,880,940,980,547,875,981,777,955,644,939,-,991,992,1000,836,663,715,595,41,1000,0,817,16,559,547,869,778,666,570,494,939
2026-05-18,150.0.7845.0,999,1000,1000,1000,980,965,837,1000,1000,933,991,1000,985,991,916,995,888,862,797,1000,149.0.4022.8,999,1000,1000,1000,990,965,837,1000,1000,0,935,1000,992,923,916,990,888,845,791,1000,152.0a1,993,992,1000,973,990,931,775,41,1000,933,941,16,559,974,916,798,1000,739,686,1000,243 preview,993,997,1000,836,683,635,755,989,1000,733,880,940,980,547,916,981,666,956,644,939,-,991,992,1000,836,663,625,595,41,1000,0,814,16,552,547,833,778,666,549,494,939
2026-05-19,150.0.7846.0,999,1000,1000,1000,980,965,837,1000,1000,933,991,1000,992,991,916,995,888,873,797,1000,149.0.4022.8,999,1000,1000,1000,990,965,837,1000,1000,0,935,1000,992,923,916,990,888,867,793,1000,153.0a1,993,992,1000,973,990,931,775,41,1000,933,941,16,563,974,916,798,1000,739,686,1000,243 preview,993,997,1000,836,683,751,755,1000,1000,733,884,940,980,547,916,983,777,955,644,939,-,991,992,1000,836,663,741,595,41,1000,0,821,16,563,547,833,778,666,581,494,939
2026-05-20,150.0.7848.0,999,1000,1000,1000,980,965,837,1000,1000,1000,989,1000,992,991,958,995,888,872,797,1000,150.0.4041.0,999,1000,1000,1000,990,965,837,1000,1000,933,982,1000,992,974,916,990,888,873,793,1000,153.0a1,993,992,1000,973,1000,931,775,41,1000,933,943,16,599,974,916,798,1000,739,686,1000,243 preview,993,997,1000,836,683,751,755,1000,1000,733,882,940,974,547,916,983,777,956,644,939,-,991,992,1000,836,663,741,595,41,1000,733,824,16,599,547,833,778,666,588,494,939
2026-05-21,150.0.7849.0,999,1000,1000,1000,980,965,837,958,1000,1000,989,1000,992,991,958,995,888,861,797,1000,150.0.4041.0,999,1000,1000,1000,990,965,837,1000,1000,933,984,1000,992,974,916,988,888,873,793,1000,153.0a1,993,992,1000,973,1000,965,775,41,1000,933,945,16,627,974,916,798,1000,739,686,1000,243 preview,993,997,1000,836,683,751,755,1000,1000,733,878,947,980,547,916,983,777,956,644,939,-,991,992,1000,836,663,751,595,39,1000,733,822,16,627,547,833,776,666,577,494,939
2026-05-22,150.0.7852.0,999,1000,1000,1000,980,986,837,1000,1000,1000,989,1000,992,991,958,995,888,861,797,1000,150.0.4041.0,999,1000,1000,1000,990,986,837,1000,1000,933,980,1000,992,974,916,990,888,876,793,1000,153.0a1,993,992,1000,973,1000,986,775,41,1000,933,947,16,627,974,916,798,1000,739,686,1000,244 preview,994,997,1000,836,683,729,755,959,1000,733,878,947,980,547,916,981,777,956,644,939,-,992,992,1000,836,663,729,595,41,1000,733,816,16,627,547,833,778,666,577,494,939
2026-05-23,150.0.7853.0,999,1000,1000,1000,980,986,837,1000,1000,1000,989,1000,992,991,958,995,888,862,797,1000,150.0.4041.0,999,1000,1000,1000,990,986,837,1000,1000,933,982,1000,992,974,916,990,888,873,793,1000,153.0a1,993,992,1000,973,1000,986,775,41,1000,933,947,16,627,974,916,798,1000,739,686,1000,244 preview,994,997,1000,836,683,755,755,1000,1000,733,882,947,980,547,916,983,666,955,644,939,-,992,992,1000,836,663,755,595,41,1000,733,824,16,627,547,833,778,666,577,494,939
2026-05-24,150.0.7854.0,999,1000,1000,1000,980,986,837,1000,1000,1000,989,1000,992,991,958,995,888,873,797,1000,150.0.4041.0,999,1000,1000,1000,990,986,793,1000,1000,933,980,1000,985,974,916,990,888,876,793,1000,153.0a1,993,992,1000,973,1000,986,775,41,1000,933,947,16,627,974,916,798,1000,739,686,1000,244 preview,994,997,1000,836,683,755,755,1000,1000,733,882,947,980,547,916,983,666,956,644,939,-,992,992,1000,836,663,755,591,41,1000,733,824,16,625,547,833,778,666,588,494,939
2026-05-25,150.0.7857.0,999,1000,1000,1000,980,986,837,1000,1000,1000,989,1000,992,991,958,995,888,862,797,1000,150.0.4041.0,999,1000,1000,1000,990,986,837,1000,1000,933,980,1000,992,974,916,988,888,873,793,1000,153.0a1,993,992,1000,973,1000,986,775,41,1000,933,947,16,627,974,916,798,1000,739,686,1000,244 preview,994,997,1000,836,683,755,755,1000,1000,733,882,947,980,547,916,983,777,956,644,939,-,992,992,1000,836,663,755,595,41,1000,733,821,16,627,547,833,776,666,577,494,939
2026-05-26,150.0.7858.0,999,1000,1000,1000,980,986,837,1000,1000,1000,989,1000,992,991,958,995,888,861,797,1000,150.0.4041.0,999,1000,1000,1000,990,986,837,1000,1000,933,982,1000,992,974,916,990,888,873,793,1000,153.0a1,993,992,1000,973,1000,986,775,41,1000,933,947,16,627,974,916,798,1000,739,686,1000,244 preview,994,997,1000,836,683,755,755,1000,1000,733,882,947,980,547,916,983,666,956,644,939,-,992,992,1000,836,663,755,595,41,1000,733,824,16,627,547,833,778,666,577,494,939
2026-05-27,150.0.7861.0,999,1000,1000,1000,980,986,837,1000,1000,1000,987,1000,992,991,958,995,888,862,797,1000,150.0.4041.0,999,1000,1000,1000,990,986,837,1000,1000,933,980,1000,992,974,916,990,888,873,793,1000,153.0a1,993,994,1000,973,1000,986,775,41,1000,933,949,16,627,974,916,798,1000,739,686,1000,244 preview,994,997,1000,836,683,755,755,1000,1000,733,882,947,980,547,916,983,666,956,644,939,-,992,993,1000,836,663,755,595,41,1000,733,824,16,627,547,833,778,666,577,494,939
2026-06-02,150.0.7871.2,999,1000,1000,1000,980,986,837,1000,1000,1000,989,1000,992,1000,958,993,888,866,797,1000,150.0.4055.0,999,1000,1000,1000,990,986,793,1000,1000,1000,980,1000,992,974,1000,990,888,878,795,1000,153.0a1,993,994,1000,1000,1000,986,775,1000,1000,933,956,19,648,974,916,798,1000,756,686,1000,244 preview,994,997,1000,836,683,755,755,1000,1000,733,880,939,980,547,916,986,666,958,644,939,-,992,993,1000,836,663,755,552,1000,1000,733,831,19,648,547,875,781,666,590,494,939
2026-06-03,151.0.7872.0,999,1000,1000,1000,980,986,837,1000,1000,1000,989,1000,992,1000,958,993,888,866,797,1000,150.0.4055.0,999,1000,1000,1000,990,986,837,1000,1000,1000,978,1000,992,974,1000,988,888,878,797,1000,153.0a1,993,994,1000,1000,1000,986,775,1000,1000,933,956,19,648,974,916,798,1000,756,686,1000,244 preview,994,997,1000,836,683,755,755,1000,1000,733,880,939,973,547,916,986,777,958,644,939,-,992,993,1000,836,663,755,595,1000,1000,733,831,19,641,547,875,778,666,590,494,939
2026-06-04,151.0.7874.0,999,1000,1000,1000,980,986,837,1000,1000,1000,991,1000,992,1000,958,995,888,866,797,1000,150.0.4064.2,999,1000,1000,1000,990,986,837,1000,1000,1000,980,1000,992,974,1000,990,888,867,797,1000,153.0a1,995,994,1000,1000,1000,986,775,1000,1000,1000,956,19,648,1000,916,798,1000,771,686,1000,244 preview,994,997,1000,836,683,755,755,1000,1000,733,880,939,973,573,916,986,777,958,644,939,-,994,993,1000,836,663,755,595,1000,1000,733,831,19,648,573,875,781,666,605,494,939
2026-06-05,151.0.7876.0,999,1000,1000,1000,980,986,837,1000,1000,1000,992,1000,992,1000,958,995,888,867,798,1000,150.0.4064.2,999,1000,1000,1000,990,986,837,1000,1000,1000,981,1000,992,974,1000,988,888,878,797,1000,153.0a1,995,994,1000,1000,1000,986,775,1000,1000,1000,953,19,673,1000,916,798,1000,771,686,1000,244 preview,994,995,1000,836,683,666,755,1000,1000,933,880,939,980,573,916,983,777,957,644,939,-,994,993,1000,836,663,666,595,1000,1000,933,827,19,673,573,875,776,666,604,494,939
2026-06-06,151.0.7877.0,999,1000,1000,1000,980,986,837,1000,1000,1000,994,1000,988,1000,958,995,888,866,798,1000,150.0.4064.2,999,1000,1000,1000,990,930,837,1000,1000,1000,983,1000,992,974,1000,990,888,866,797,1000,153.0a1,995,994,1000,1000,1000,986,775,1000,1000,1000,953,19,673,1000,916,798,1000,771,686,1000,244 preview,994,995,1000,836,683,666,755,1000,1000,733,880,939,973,573,916,986,777,958,644,939,-,994,993,1000,836,663,656,595,1000,1000,733,831,19,664,573,875,781,666,599,494,939
2026-06-07,151.0.7879.0,999,1000,1000,1000,980,986,837,1000,1000,1000,994,1000,988,1000,958,995,888,878,798,1000,150.0.4064.2,999,1000,1000,1000,990,986,837,1000,1000,1000,978,1000,985,974,1000,990,888,878,797,1000,153.0a1,995,994,1000,1000,1000,986,775,1000,1000,1000,953,19,673,1000,916,798,1000,771,686,1000,244 preview,994,995,1000,836,683,755,755,1000,1000,733,880,939,973,573,916,986,777,957,644,939,-,994,993,1000,836,663,755,595,1000,1000,733,827,19,664,573,875,781,666,615,494,939
2026-06-08,151.0.7881.0,999,1000,1000,1000,980,986,837,1000,1000,1000,994,1000,988,1000,958,995,888,865,798,1000,150.0.4064.2,999,1000,1000,1000,990,986,837,1000,1000,1000,983,1000,992,974,1000,988,888,878,793,1000,153.0a1,995,994,1000,1000,1000,986,775,1000,1000,1000,951,19,673,1000,916,798,1000,771,686,1000,244 preview,994,995,1000,836,683,755,755,1000,1000,733,880,939,980,573,916,986,777,957,644,939,-,994,993,1000,836,663,755,595,1000,1000,733,829,19,671,573,875,781,666,604,494,939
2026-06-09,151.0.7884.0,999,1000,1000,1000,980,986,837,1000,1000,1000,994,1000,988,1000,958,993,888,866,805,1000,150.0.4078.1,999,1000,1000,1000,990,986,837,1000,1000,1000,983,1000,992,974,1000,988,888,878,797,1000,153.0a1,995,994,1000,1000,1000,986,775,1000,1000,1000,953,19,673,1000,916,798,1000,784,686,1000,245 preview,994,995,1000,836,683,666,755,1000,1000,733,880,939,973,573,916,986,666,957,644,939,-,994,993,1000,836,663,666,595,1000,1000,733,831,19,664,573,875,778,666,615,494,939
2026-06-10,151.0.7884.0,999,1000,1000,1000,980,986,837,1000,1000,1000,994,1000,988,1000,958,995,888,878,805,1000,150.0.4078.1,999,1000,1000,1000,990,986,837,1000,1000,1000,981,1000,992,974,1000,990,888,867,797,1000,153.0a1,995,994,1000,1000,1000,986,775,1000,1000,1000,953,19,673,1000,916,798,1000,784,686,1000,245 preview,994,995,1000,836,683,755,755,1000,1000,733,880,939,980,573,916,986,777,958,644,939,-,994,993,1000,836,663,755,595,1000,1000,733,829,19,671,573,875,781,666,618,494,939
2026-06-11,151.0.7888.0,1000,1000,1000,1000,980,986,837,1000,1000,1000,999,1000,995,1000,958,995,888,856,805,1000,150.0.4078.5,999,1000,1000,996,990,986,837,1000,1000,1000,985,1000,999,974,1000,988,888,878,797,1000,153.0a1,995,994,1000,1000,1000,986,775,1000,1000,1000,953,19,673,1000,916,798,1000,784,686,1000,245 preview,994,995,1000,833,683,755,755,1000,1000,733,878,939,973,573,916,983,777,958,644,939,-,994,993,1000,833,663,755,595,1000,1000,733,831,19,664,573,875,776,666,605,494,939
2026-06-12,151.0.7889.0,1000,1000,1000,1000,980,986,837,1000,1000,1000,999,1000,995,1000,958,993,888,867,805,1000,150.0.4078.5,999,1000,1000,996,990,986,837,1000,1000,1000,985,1000,999,974,1000,990,888,878,795,1000,153.0a1,995,994,1000,1000,1000,986,775,1000,1000,1000,951,19,673,1000,916,798,1000,784,686,1000,245 preview,994,995,1000,833,683,729,755,1000,1000,933,873,939,980,573,916,983,777,957,644,939,-,994,993,1000,833,663,729,595,1000,1000,933,827,19,671,573,875,781,666,615,494,939
2026-06-13,151.0.7891.0,1000,1000,1000,1000,980,986,837,1000,1000,1000,999,1000,995,1000,958,993,888,867,805,1000,150.0.4078.5,999,1000,1000,996,990,986,837,1000,1000,1000,985,1000,992,974,1000,990,888,878,797,1000,153.0a1,995,994,1000,1000,1000,986,775,1000,1000,1000,953,19,673,1000,916,798,1000,784,686,1000,245 preview,994,995,1000,833,683,755,755,1000,1000,733,878,939,973,573,916,983,777,958,644,939,-,994,993,1000,833,663,755,595,1000,1000,733,831,19,664,573,875,781,666,616,494,939
2026-06-14,151.0.7891.0,1000,1000,1000,1000,980,986,837,1000,1000,1000,999,1000,995,1000,958,993,888,878,805,1000,150.0.4078.5,999,1000,1000,996,990,986,837,1000,1000,1000,985,1000,999,974,1000,990,888,878,797,1000,153.0a1,995,994,1000,1000,1000,986,775,1000,1000,1000,953,19,676,1000,916,798,1000,784,686,1000,245 preview,994,995,1000,833,683,755,755,1000,1000,733,878,939,973,573,916,986,777,958,644,939,-,994,993,1000,833,663,755,595,1000,1000,733,831,19,665,573,875,781,666,627,494,939
2026-06-15,151.0.7893.0,1000,1000,1000,1000,980,986,837,1000,1000,1000,999,1000,995,1000,958,995,888,867,805,1000,150.0.4078.5,999,1000,1000,996,990,986,837,1000,1000,1000,985,1000,999,974,1000,990,888,877,797,1000,153.0a1,995,994,1000,1000,1000,986,775,1000,1000,1000,953,19,676,1000,916,798,1000,784,686,1000,245 preview,990,995,1000,833,683,666,755,1000,1000,933,878,939,980,573,916,986,777,958,644,939,-,989,993,1000,833,663,666,595,1000,1000,933,831,19,672,573,875,781,666,616,494,939
2026-06-16,151.0.7894.2,1000,1000,1000,1000,980,986,837,1000,1000,1000,999,1000,995,1000,958,995,888,867,805,1000,151.0.4091.0,999,1000,1000,1000,990,986,837,1000,1000,1000,987,1000,995,974,1000,990,888,881,805,1000,154.0a1,995,994,1000,1000,1000,986,775,1000,1000,1000,951,19,676,1000,916,798,1000,795,686,1000,245 preview,994,995,1000,833,683,755,755,1000,1000,733,878,939,973,573,916,986,777,958,644,939,-,993,993,1000,833,663,755,595,1000,1000,733,829,19,665,573,875,781,666,627,494,939
2026-06-17,151.0.7897.0,1000,1000,1000,1000,980,986,837,1000,1000,1000,999,1000,995,1000,958,993,888,877,805,1000,151.0.4091.0,999,1000,1000,1000,990,986,837,1000,1000,1000,985,1000,995,1000,1000,990,888,881,805,1000,154.0a1,995,994,1000,1000,1000,986,775,1000,1000,1000,953,19,676,893,916,798,1000,795,686,1000,245 preview,994,995,1000,833,683,755,755,1000,1000,733,878,939,973,573,916,986,666,957,644,939,-,993,993,1000,833,663,755,595,1000,1000,733,829,19,665,573,875,781,666,637,494,939
2026-06-24,151.0.7910.0,1000,1000,1000,1000,980,986,837,1000,1000,1000,999,1000,995,1000,958,997,888,878,807,1000,151.0.4105.0,1000,1000,1000,1000,990,986,837,1000,1000,1000,987,1000,995,1000,1000,990,888,878,788,1000,154.0a1,995,994,1000,1000,1000,986,775,1000,1000,1000,951,19,676,893,916,795,1000,796,686,1000,246 preview,994,998,988,833,683,755,755,1000,1000,733,878,939,973,573,916,986,666,954,644,939,-,994,994,988,833,663,755,595,1000,1000,733,827,19,665,573,875,778,666,635,494,939
2026-06-25,151.0.7913.0,1000,1000,1000,1000,980,986,837,1000,1000,1000,997,1000,995,1000,958,997,888,854,807,1000,151.0.4105.0,1000,1000,1000,1000,990,986,837,1000,1000,1000,990,1000,995,1000,1000,990,888,878,805,1000,154.0a1,995,997,1000,1000,1000,986,775,1000,1000,1000,951,19,676,867,916,795,1000,796,686,1000,246 preview,994,998,988,833,683,755,755,1000,1000,933,878,939,973,573,916,986,666,954,644,939,-,994,996,988,833,663,755,595,1000,1000,933,827,19,665,547,875,778,666,613,494,939
2026-06-26,151.0.7915.0,1000,1000,1000,1000,980,986,837,1000,1000,1000,999,1000,995,1000,958,997,888,855,807,1000,151.0.4105.0,1000,1000,1000,1000,990,986,837,1000,1000,1000,987,1000,995,1000,1000,988,888,878,805,1000,154.0a1,995,997,1000,1000,1000,986,775,1000,1000,1000,953,19,676,867,916,798,1000,796,686,1000,246 preview,994,998,988,833,683,755,755,1000,1000,733,878,939,973,573,916,986,777,954,644,939,-,994,996,988,833,663,755,595,1000,1000,733,829,19,665,547,875,778,666,624,494,939
2026-06-27,151.0.7917.0,1000,1000,1000,1000,980,986,837,1000,1000,1000,999,1000,995,1000,958,997,888,877,807,1000,151.0.4105.0,1000,1000,1000,1000,990,986,837,1000,1000,1000,990,1000,995,1000,1000,990,888,878,805,1000,154.0a1,995,997,1000,1000,1000,986,775,1000,1000,1000,955,19,676,867,916,798,1000,796,686,1000,246 preview,994,998,988,833,683,666,755,1000,1000,733,875,939,973,573,916,983,666,954,644,939,-,994,996,988,833,663,666,595,1000,1000,733,831,19,665,547,875,778,666,635,494,939
2026-06-28,151.0.7918.0,1000,1000,1000,1000,980,986,837,1000,1000,1000,999,1000,995,1000,958,997,888,868,807,1000,151.0.4105.0,1000,1000,1000,1000,990,986,837,1000,1000,1000,987,1000,995,1000,1000,990,888,878,791,1000,154.0a1,995,997,1000,1000,1000,986,775,1000,1000,1000,955,19,676,867,916,798,1000,796,686,1000,246 preview,994,998,988,833,683,755,755,1000,1000,733,878,939,973,573,916,986,666,954,644,939,-,994,996,988,833,663,755,595,1000,1000,733,831,19,665,547,875,781,666,624,486,939
2026-06-29,151.0.7920.0,1000,1000,1000,1000,980,986,837,1000,1000,1000,997,1000,995,1000,958,997,888,879,807,1000,151.0.4105.0,1000,1000,1000,1000,990,986,837,1000,1000,1000,987,1000,995,1000,1000,990,888,877,805,1000,154.0a1,995,997,1000,1000,1000,986,775,1000,1000,1000,953,19,676,867,916,795,1000,796,686,1000,246 preview,994,998,988,833,683,755,755,1000,1000,933,878,939,980,573,916,983,777,954,644,939,-,994,996,988,833,663,755,595,1000,1000,933,827,19,672,547,875,778,666,635,494,939
2026-06-30,151.0.7922.3,1000,1000,1000,1000,980,935,837,1000,1000,1000,999,1000,995,1000,958,994,888,868,807,1000,151.0.4119.1,1000,1000,1000,1000,990,986,837,1000,1000,1000,990,1000,988,1000,1000,992,888,878,790,1000,154.0a1,995,997,1000,1000,1000,986,775,1000,1000,1000,955,19,777,974,916,798,1000,796,686,1000,246 preview,994,998,988,833,683,666,755,1000,1000,933,878,939,973,573,916,986,777,954,644,939,-,994,996,988,833,663,658,595,1000,1000,933,833,19,767,547,875,781,666,624,494,939
2026-07-01,152.0.7923.0,1000,1000,1000,1000,980,935,837,1000,1000,1000,997,1000,1000,1000,958,994,888,866,807,1000,151.0.4119.1,1000,1000,1000,1000,990,986,837,1000,1000,1000,987,1000,1000,1000,1000,992,888,878,807,1000,154.0a1,995,997,1000,1000,1000,986,775,1000,1000,1000,955,19,796,974,916,795,1000,807,686,1000,246 preview,994,998,988,833,683,755,755,1000,1000,733,875,939,969,573,916,986,666,954,644,939,-,994,996,988,833,663,747,595,1000,1000,733,829,19,788,547,875,778,666,635,494,939
2026-07-02,152.0.7924.0,1000,1000,1000,1000,980,935,837,1000,1000,1000,999,1000,1000,1000,958,997,888,879,807,1000,151.0.4119.1,1000,1000,1000,1000,990,986,837,1000,1000,1000,987,1000,1000,1000,1000,992,888,867,807,1000,154.0a1,995,997,1000,1000,1000,986,775,1000,1000,1000,953,19,796,974,916,798,1000,807,686,1000,247 preview,994,998,988,833,683,843,755,1000,1000,933,864,939,969,613,916,986,777,954,644,939,-,994,996,988,833,663,835,595,1000,1000,933,815,19,788,588,875,781,666,646,494,939
2026-07-03,152.0.7929.0,1000,1000,1000,1000,990,986,837,1000,1000,1000,997,1000,1000,1000,958,997,888,867,807,1000,151.0.4119.1,1000,1000,1000,1000,990,986,837,1000,1000,1000,987,1000,1000,1000,1000,992,888,867,807,1000,154.0a1,1000,997,1000,1000,1000,986,775,1000,1000,1000,955,19,796,974,916,795,1000,807,686,1000,247 preview,994,998,988,833,683,843,755,1000,1000,733,862,939,969,613,916,986,777,954,644,939,-,994,996,988,833,663,843,595,1000,1000,733,813,19,788,588,875,778,666,635,494,939
2026-07-07,152.0.7937.0,1000,1000,1000,1000,990,986,837,1000,1000,1000,999,1000,1000,1000,958,997,888,868,807,1000,151.0.4129.8,1000,1000,1000,1000,990,986,837,1000,1000,1000,983,1000,1000,1000,1000,992,888,879,807,1000,154.0a1,1000,997,1000,1000,1000,986,775,1000,1000,1000,955,19,796,974,916,795,1000,807,686,1000,247 preview,994,998,988,833,683,843,755,1000,1000,733,859,939,976,613,916,986,777,954,644,939,-,994,996,988,833,663,843,595,1000,1000,733,808,19,795,588,875,778,666,637,494,939
2026-07-08,152.0.7939.0,1000,1000,1000,1000,990,986,837,1000,1000,1000,999,1000,1000,1000,958,997,888,879,807,1000,151.0.4129.8,1000,1000,1000,1000,990,986,837,1000,1000,1000,983,1000,993,1000,1000,992,888,879,807,1000,154.0a1,1000,997,1000,1000,1000,986,775,1000,1000,1000,955,19,796,974,916,798,1000,842,686,1000,247 preview,994,998,988,833,683,843,755,1000,1000,933,862,939,976,613,916,986,666,954,644,939,-,994,996,988,833,663,843,595,1000,1000,933,811,19,795,588,875,781,666,682,494,939
2026-07-09,152.0.7941.0,1000,1000,1000,1000,990,986,837,1000,1000,1000,1000,1000,1000,1000,958,997,888,867,807,1000,151.0.4129.8,1000,1000,1000,1000,990,986,837,1000,1000,1000,987,1000,1000,1000,1000,994,888,879,807,1000,154.0a1,1000,997,1000,1000,1000,986,775,1000,1000,1000,953,19,796,974,916,795,1000,842,686,1000,247 preview,994,998,988,833,683,775,755,1000,1000,733,855,938,969,613,916,983,666,954,644,939,-,994,996,988,833,663,775,595,1000,1000,733,806,19,788,588,875,778,666,671,494,939
2026-07-10,152.0.7942.0,1000,1000,1000,1000,990,986,837,1000,1000,1000,1000,1000,1000,1000,958,997,888,879,807,1000,151.0.4129.8,1000,1000,1000,1000,990,986,837,1000,1000,1000,987,1000,1000,1000,1000,994,888,878,804,1000,154.0a1,1000,997,988,1000,1000,986,775,1000,1000,1000,955,19,805,974,916,798,1000,844,686,1000,247 preview,994,998,988,833,683,716,755,1000,1000,733,862,938,976,613,916,983,666,954,644,939,-,994,996,988,833,663,716,595,1000,1000,733,815,19,804,588,875,778,666,685,494,939
2026-07-12,152.0.7946.0,1000,1000,988,1000,990,1000,837,1000,1000,1000,1000,1000,1000,1000,958,997,888,879,807,1000,151.0.4129.8,1000,1000,988,1000,990,1000,837,1000,1000,1000,983,1000,1000,1000,1000,994,888,879,807,1000,154.0a1,1000,997,1000,1000,1000,988,775,1000,1000,1000,955,19,805,1000,916,798,1000,844,686,1000,247 preview,994,998,1000,833,683,838,755,1000,1000,933,862,938,976,613,916,983,777,954,644,939,-,994,996,988,833,663,838,595,1000,1000,933,811,19,804,613,875,778,666,685,494,939
2026-07-13,152.0.7947.0,1000,1000,988,1000,990,1000,837,1000,1000,1000,1000,1000,1000,1000,958,994,888,877,807,1000,151.0.4129.21,1000,1000,988,1000,990,935,837,1000,1000,1000,983,1000,993,1000,1000,994,888,879,807,1000,154.0a1,1000,997,1000,1000,1000,988,775,1000,1000,1000,955,19,805,1000,916,798,1000,844,686,1000,247 preview,994,998,1000,833,683,838,755,1000,1000,733,859,938,969,613,916,986,777,954,644,939,-,994,996,988,833,663,830,595,1000,1000,733,808,19,791,613,875,781,666,684,494,939
2026-07-14,152.0.7948.0,1000,1000,988,1000,990,1000,837,1000,1000,1000,1000,1000,1000,1000,958,997,888,879,807,1000,151.0.4129.21,1000,1000,988,1000,990,935,837,1000,1000,1000,985,1000,1000,1000,1000,994,888,879,805,1000,154.0a1,1000,997,1000,1000,1000,988,775,1000,1000,1000,955,19,806,1000,916,798,1000,844,686,1000,247 preview,994,998,1000,833,683,838,755,1000,1000,733,859,938,969,613,916,986,777,954,644,939,-,994,996,988,833,663,830,595,1000,1000,733,811,19,798,613,875,781,666,685,494,939
2026-07-15,152.0.7952.0,1000,1000,988,1000,990,1000,837,1000,1000,1000,997,1000,992,1000,958,994,888,879,807,1000,152.0.4148.0,1000,1000,988,1000,1000,1000,837,1000,1000,1000,987,1000,985,1000,1000,992,888,879,807,1000,154.0a1,1000,997,1000,1000,1000,988,775,1000,1000,1000,953,19,813,1000,916,795,1000,844,686,1000,247 preview,994,998,1000,833,683,838,755,1000,1000,733,862,938,983,613,916,983,777,954,644,969,-,994,996,988,833,673,838,595,1000,1000,733,809,19,798,613,875,776,666,685,494,969
2026-07-16,152.0.7954.0,1000,1000,988,1000,990,1000,837,1000,1000,1000,1000,1000,992,1000,1000,997,888,862,807,1000,152.0.4148.0,1000,1000,988,1000,1000,1000,837,1000,1000,1000,987,1000,992,1000,1000,994,888,879,807,1000,154.0a1,1000,997,1000,1000,1000,988,775,1000,1000,1000,951,19,813,1000,916,798,1000,867,686,1000,247 preview,994,998,1000,833,683,838,755,1000,1000,733,864,933,977,613,916,987,777,954,644,969,-,994,996,988,833,673,838,595,1000,1000,733,813,19,798,613,875,782,666,696,494,969
2026-07-17,152.0.7955.0,1000,1000,988,1000,990,1000,837,1000,1000,1000,1000,1000,992,1000,1000,997,888,868,807,1000,152.0.4148.0,1000,1000,988,1000,1000,1000,837,1000,1000,1000,987,1000,992,1000,1000,994,888,879,805,1000,154.0a1,1000,997,1000,1000,1000,988,775,1000,1000,1000,951,19,813,1000,916,798,1000,867,686,1000,247 preview,994,998,1000,833,683,838,755,1000,1000,733,862,933,983,613,916,987,777,965,644,939,-,994,996,988,833,673,838,595,1000,1000,733,811,19,805,613,875,782,666,706,494,939
2026-07-18,152.0.7957.0,1000,1000,988,1000,990,1000,837,1000,1000,1000,1000,1000,992,1000,1000,997,888,879,807,1000,152.0.4148.0,1000,1000,988,1000,1000,1000,837,1000,1000,1000,987,1000,992,1000,1000,994,888,879,804,1000,154.0a1,1000,997,1000,1000,1000,988,775,1000,1000,1000,951,19,803,1000,916,798,1000,867,686,1000,247 preview,994,998,1000,833,683,838,755,1000,1000,733,864,933,977,613,916,987,777,965,644,969,-,994,996,988,833,673,838,595,1000,1000,733,813,19,788,613,875,782,666,718,494,969
2026-07-19,152.0.7959.0,1000,1000,988,1000,990,1000,837,1000,1000,1000,1000,1000,992,1000,1000,997,888,879,807,1000,152.0.4148.0,1000,1000,988,1000,1000,1000,837,1000,1000,1000,987,1000,992,1000,1000,994,888,879,807,1000,154.0a1,1000,997,1000,1000,1000,988,775,1000,1000,1000,951,19,803,1000,916,795,1000,867,686,1000,247 preview,994,998,1000,833,683,838,755,1000,1000,933,859,933,983,613,916,987,777,965,644,939,-,994,996,988,833,673,838,595,1000,1000,933,808,19,795,613,875,779,666,718,494,939
2026-07-20,152.0.7962.0,1000,1000,988,1000,990,1000,837,1000,1000,1000,1000,1000,992,1000,1000,997,888,867,807,1000,152.0.4148.0,1000,1000,988,1000,1000,1000,837,1000,1000,1000,987,1000,992,1000,1000,994,888,879,805,1000,154.0a1,1000,997,1000,1000,1000,988,775,1000,1000,1000,953,19,854,1000,916,798,1000,867,686,1000,247 preview,994,998,1000,833,683,838,755,1000,1000,733,859,933,983,613,916,984,777,965,644,939,-,994,996,988,833,673,838,595,1000,1000,733,811,19,846,613,875,782,666,707,494,939
2026-07-21,152.0.7964.0,1000,1000,988,1000,990,1000,837,1000,1000,1000,1000,1000,992,1000,1000,997,888,866,807,1000,152.0.4148.0,1000,1000,988,1000,1000,1000,837,1000,1000,1000,985,1000,992,1000,1000,994,888,879,807,1000,155.0a1,1000,997,1000,1000,1000,988,775,1000,1000,1000,951,19,854,1000,916,798,1000,867,686,1000,247 preview,994,998,1000,833,683,838,755,1000,1000,933,859,933,977,613,916,987,777,965,644,969,-,994,996,988,833,673,838,595,1000,1000,933,806,19,839,613,875,782,666,707,494,969
2026-07-22,152.0.7966.0,1000,1000,988,1000,990,1000,837,1000,1000,1000,1000,1000,992,1000,1000,997,888,866,807,1000,152.0.4167.0,1000,1000,988,1000,1000,1000,837,1000,1000,1000,988,1000,992,1000,1000,992,888,879,807,1000,155.0a1,1000,997,1000,1000,1000,988,775,1000,1000,1000,953,19,856,1000,916,798,1000,874,686,1000,248 preview,994,998,1000,833,683,755,755,1000,1000,733,864,933,977,716,916,987,777,965,644,969,-,994,996,988,833,673,755,595,1000,1000,733,815,19,841,716,875,777,666,714,494,969
2026-07-23,152.0.7968.0,1000,1000,988,1000,990,1000,837,1000,1000,1000,1000,1000,992,1000,1000,997,888,867,807,1000,152.0.4167.0,1000,1000,988,1000,1000,1000,837,1000,1000,1000,988,1000,992,1000,1000,994,888,879,794,1000,155.0a1,1000,997,1000,1000,1000,988,775,1000,1000,1000,951,19,856,1000,958,795,1000,874,686,1000,248 preview,994,998,1000,833,683,770,755,1000,1000,933,852,933,977,716,916,989,777,954,644,969,-,994,996,988,833,673,770,595,1000,1000,933,800,19,841,716,916,780,666,703,483,969
2026-07-24,152.0.7970.0,1000,1000,988,1000,990,1000,837,1000,1000,1000,1000,1000,992,1000,1000,1000,888,856,807,1000,152.0.4167.0,1000,1000,988,1000,1000,1000,837,1000,1000,1000,988,1000,992,1000,1000,994,888,879,794,1000,155.0a1,1000,997,1000,1000,1000,988,775,1000,1000,1000,949,19,873,1000,958,798,1000,879,687,1000,248 preview,994,998,1000,833,683,838,755,1000,1000,733,859,933,983,716,916,992,777,965,644,969,-,994,996,988,833,673,838,595,1000,1000,733,806,19,865,716,916,785,666,709,484,969
2026-07-25,152.0.7970.0,1000,1000,988,1000,990,1000,837,1000,1000,1000,1000,1000,992,1000,1000,1000,888,878,807,1000,152.0.4167.0,1000,1000,988,1000,1000,1000,837,1000,1000,1000,988,1000,992,1000,1000,994,888,879,807,1000,155.0a1,1000,997,1000,1000,1000,988,775,1000,1000,1000,953,19,880,1000,958,795,1000,879,687,1000,248 preview,994,998,1000,833,683,838,755,1000,1000,733,857,933,977,716,916,992,777,965,644,969,-,994,996,988,833,673,838,595,1000,1000,733,811,19,865,716,916,783,666,731,495,969
2026-07-29,153.0.7978.0,1000,1000,988,1000,990,1000,837,1000,1000,1000,1000,1000,992,1000,1000,1000,888,867,807,1000,152.0.4167.0,1000,1000,988,1000,1000,1000,837,1000,1000,1000,988,1000,992,1000,1000,994,888,868,807,1000,155.0a1,1000,997,1000,1000,1000,988,775,1000,1000,1000,953,19,880,1000,958,798,1000,893,687,1000,248 preview,994,998,1000,833,683,838,755,1000,1000,733,862,933,983,716,916,992,777,965,644,969,-,994,996,988,833,673,838,595,1000,1000,733,813,19,871,716,916,785,666,719,495,969
2026-07-30,153.0.7980.0,1000,1000,988,1000,1000,1000,837,1000,1000,1000,1000,1000,991,1000,1000,1000,1000,877,807,1000,152.0.4181.1,1000,1000,988,1000,1000,1000,837,1000,1000,1000,988,1000,991,1000,1000,992,888,879,778,1000,155.0a1,1000,997,1000,1000,1000,988,775,1000,1000,1000,953,19,883,1000,958,798,1000,910,858,1000,249 preview,994,998,1000,895,875,970,755,1000,1000,733,914,1000,998,878,958,994,777,971,658,969,-,994,996,988,895,875,970,595,1000,1000,733,862,19,874,878,958,785,666,762,541,969
2026-07-31,153.0.7983.0,1000,1000,1000,1000,1000,1000,837,1000,1000,1000,1000,1000,984,1000,1000,1000,888,879,808,1000,152.0.4181.1,1000,1000,988,1000,1000,1000,837,1000,1000,1000,988,1000,984,1000,1000,994,888,868,794,1000,155.0a1,1000,997,1000,1000,1000,988,775,1000,1000,1000,953,19,900,1000,958,795,1000,910,858,1000,249 preview,994,998,1000,895,875,970,755,1000,1000,733,914,1000,991,878,958,992,777,971,658,969,-,994,996,988,895,875,970,595,1000,1000,733,863,19,884,878,958,785,666,752,555,969
2026-08-02,153.0.7986.0,1000,1000,1000,1000,1000,1000,837,1000,1000,1000,1000,1000,984,1000,1000,1000,1000,868,808,1000,152.0.4181.1,1000,1000,988,1000,1000,1000,837,1000,1000,1000,988,1000,984,1000,1000,994,888,879,803,1000,155.0a1,1000,997,1000,1000,1000,988,775,1000,1000,1000,951,19,900,1000,958,798,1000,910,858,1000,249 preview,994,998,1000,895,875,970,755,1000,1000,933,912,1000,991,878,958,994,777,971,658,969,-,994,996,988,895,875,970,595,1000,1000,933,858,19,884,878,958,788,666,752,568,969
2026-08-03,153.0.7989.0,1000,1000,1000,1000,1000,1000,837,1000,1000,1000,1000,1000,984,1000,1000,1000,1000,879,808,1000,152.0.4181.1,1000,1000,988,1000,1000,1000,837,1000,1000,1000,988,1000,984,1000,1000,994,888,879,807,1000,155.0a1,1000,997,1000,1000,1000,988,775,1000,1000,1000,953,19,900,1000,958,798,1000,910,858,1000,249 preview,994,998,1000,895,875,970,755,1000,1000,933,912,1000,984,878,958,994,777,971,658,969,-,994,996,988,895,875,970,595,1000,1000,933,861,19,877,878,958,788,666,763,569,969
2026-08-04,153.0.7991.0,1000,1000,1000,1000,1000,1000,837,1000,1000,1000,1000,1000,984,1000,1000,1000,888,878,808,1000,152.0.4181.1,1000,1000,988,1000,1000,1000,837,1000,1000,1000,988,1000,984,1000,1000,994,888,879,807,1000,155.0a1,1000,997,1000,1000,1000,988,775,1000,1000,1000,953,19,900,1000,958,798,1000,910,858,1000,249 preview,994,998,1000,895,875,970,755,1000,1000,933,914,1000,991,878,958,994,777,971,658,969,-,994,996,988,895,875,970,595,1000,1000,933,863,19,884,878,958,788,666,763,569,969
2026-08-05,153.0.7992.0,1000,1000,1000,1000,1000,1000,837,1000,1000,1000,1000,1000,984,1000,1000,1000,1000,866,809,1000,152.0.4191.7,1000,1000,988,1000,1000,1000,837,1000,1000,1000,988,1000,984,1000,1000,994,888,868,807,1000,155.0a1,1000,997,1000,1000,1000,988,775,1000,1000,1000,953,19,900,1000,958,798,1000,910,858,1000,249 preview,994,998,1000,895,875,965,755,1000,1000,733,916,1000,984,878,958,994,777,971,658,969,-,994,996,988,895,875,965,595,1000,1000,733,865,19,877,878,958,788,666,740,569,969
2026-08-06,153.0.7992.0,1000,1000,1000,1000,1000,1000,837,1000,1000,1000,997,1000,984,1000,1000,1000,888,868,809,1000,152.0.4191.7,1000,1000,988,1000,1000,1000,837,1000,1000,1000,988,1000,984,1000,1000,994,888,879,807,1000,155.0a1,1000,997,1000,1000,1000,988,775,1000,1000,1000,951,19,900,1000,958,798,1000,910,858,1000,249 preview,994,998,1000,895,875,965,755,1000,1000,933,912,1000,984,878,958,994,777,971,658,969,-,994,996,988,895,875,965,595,1000,1000,933,858,19,877,878,958,788,666,752,569,969
2026-08-11,153.0.8000.0,1000,1000,1000,1000,1000,1000,837,1000,1000,1000,1000,995,984,1000,1000,1000,888,878,809,1000,152.0.4191.10,1000,1000,988,1000,1000,1000,837,1000,1000,1000,988,995,984,1000,1000,994,888,879,807,1000,155.0a1,1000,997,1000,1000,1000,988,775,1000,1000,1000,953,19,923,1000,958,798,1000,910,858,1000,249 preview,994,998,1000,895,875,965,755,1000,1000,733,916,997,991,878,958,994,777,970,658,969,-,994,996,988,895,875,965,595,1000,1000,733,865,19,907,878,958,788,666,762,569,969
2026-08-12,153.0.8002.0,1000,1000,1000,1000,1000,983,837,1000,1000,1000,1000,995,984,1000,1000,1000,888,877,809,1000,153.0.4210.0,1000,1000,1000,1000,1000,983,837,1000,1000,1000,986,995,984,1000,1000,994,888,879,806,1000,155.0a1,1000,997,1000,1000,1000,994,775,1000,1000,1000,953,19,927,1000,958,798,1000,910,858,1000,249 preview,994,998,1000,895,875,973,755,1000,1000,733,913,997,991,878,958,992,777,970,649,969,-,994,996,1000,895,875,967,595,1000,1000,733,860,19,911,878,958,788,666,751,560,969
2026-08-13,153.0.8005.0,1000,1000,1000,1000,1000,983,837,1000,1000,1000,997,995,984,1000,1000,1000,888,877,809,1000,153.0.4210.0,1000,1000,1000,1000,1000,983,837,1000,1000,1000,988,995,984,1000,1000,992,888,879,808,1000,155.0a1,1000,997,1000,1000,1000,1000,775,1000,1000,1000,953,19,927,1000,958,798,1000,910,858,1000,249 preview,994,998,1000,895,875,917,755,1000,1000,733,912,997,984,878,958,992,777,960,649,969,-,994,996,1000,895,875,912,595,1000,1000,733,861,19,904,878,958,785,666,741,560,969
2026-08-14,153.0.8006.0,1000,1000,1000,1000,1000,983,837,1000,1000,1000,1000,995,982,1000,1000,1000,1000,887,809,1000,153.0.4210.0,1000,1000,1000,1000,994,983,793,1000,1000,1000,988,995,975,1000,1000,994,1000,879,790,1000,156.0a1,1000,997,1000,1000,1000,1000,775,1000,1000,1000,953,19,929,1000,958,798,1000,915,862,1000,250 preview,994,998,1000,895,904,978,755,1000,1000,733,909,997,989,897,958,994,777,965,809,1000,-,994,996,1000,895,898,973,591,1000,1000,733,861,19,911,897,958,788,777,766,612,1000
2026-08-18,153.0.8009.0,1000,1000,1000,1000,1000,1000,837,1000,1000,1000,1000,995,982,1000,1000,1000,1000,877,809,1000,153.0.4210.0,1000,1000,1000,1000,994,983,837,1000,1000,1000,988,995,982,1000,1000,994,1000,871,808,1000,156.0a1,1000,997,1000,1000,1000,1000,775,1000,1000,1000,951,19,929,1000,958,795,1000,915,862,1000,250 preview,994,998,1000,895,904,978,755,1000,1000,733,914,997,982,897,958,1000,777,965,809,1000,-,994,996,1000,895,898,973,595,1000,1000,733,861,19,904,897,958,790,777,749,629,1000
2026-08-19,153.0.8010.2,1000,1000,1000,1000,1000,1000,895,1000,1000,1000,1000,995,982,1000,1000,1000,1000,878,809,1000,153.0.4224.0,1000,1000,1000,1000,994,983,837,1000,1000,1000,988,995,982,1000,1000,994,1000,879,809,1000,156.0a1,1000,997,1000,1000,1000,1000,775,1000,1000,1000,951,19,929,1000,958,798,1000,916,862,1000,250 preview,994,998,1000,895,904,978,755,1000,1000,733,912,997,982,897,958,1000,777,965,809,1000,-,994,996,1000,895,898,973,595,1000,1000,733,858,19,904,897,958,793,777,757,630,1000
2026-08-20,154.0.8012.2,1000,1000,1000,1000,1000,1000,895,1000,1000,1000,1000,1000,980,1000,1000,1000,1000,877,809,1000,153.0.4224.0,1000,1000,1000,1000,994,983,837,1000,1000,1000,986,995,979,1000,1000,994,1000,879,809,1000,156.0a1,1000,997,1000,1000,1000,1000,775,1000,1000,1000,951,19,930,1000,958,795,1000,915,862,1000,250 preview,994,998,1000,895,904,978,755,1000,1000,733,914,997,981,897,958,1000,777,965,809,1000,-,994,996,1000,895,898,973,595,1000,1000,733,858,19,904,897,958,790,777,757,630,1000
2026-08-21,154.0.8014.0,1000,1000,1000,1000,1000,1000,895,1000,1000,1000,1000,1000,980,1000,1000,1000,1000,881,809,1000,153.0.4224.0,1000,1000,1000,1000,994,983,837,1000,1000,1000,988,995,979,1000,1000,994,1000,879,809,1000,156.0a1,1000,997,1000,1000,1000,1000,775,1000,1000,1000,953,19,930,1000,958,798,1000,916,862,1000,250 preview,994,998,1000,895,904,978,755,1000,1000,1000,912,997,974,897,958,1000,777,965,809,1000,-,994,996,1000,895,898,973,595,1000,1000,1000,861,19,897,897,958,793,777,758,630,1000
2026-08-22,154.0.8016.0,1000,1000,1000,1000,1000,1000,895,1000,1000,1000,1000,1000,986,1000,1000,1000,1000,881,809,1000,153.0.4224.0,1000,1000,1000,1000,994,983,837,1000,1000,1000,988,995,979,1000,1000,992,1000,879,809,1000,156.0a1,1000,997,1000,1000,1000,1000,775,1000,1000,1000,953,991,930,1000,958,795,1000,916,862,1000,250 preview,994,998,1000,895,904,978,755,1000,1000,1000,914,997,974,897,958,1000,777,965,809,1000,-,994,996,1000,895,898,973,595,1000,1000,1000,863,986,897,897,958,788,777,758,630,1000
2026-08-23,154.0.8016.0,1000,1000,1000,1000,1000,1000,895,1000,1000,1000,1000,1000,986,1000,1000,1000,1000,891,809,1000,153.0.4224.0,1000,1000,1000,1000,994,983,837,1000,1000,1000,988,995,979,1000,1000,994,1000,879,809,1000,156.0a1,1000,997,1000,1000,1000,1000,775,1000,1000,1000,951,991,930,1000,958,798,1000,915,862,1000,250 preview,994,998,1000,895,904,978,755,1000,1000,1000,916,997,981,897,958,1000,777,965,815,1000,-,994,996,1000,895,898,973,595,1000,1000,1000,863,986,904,897,958,793,777,768,633,1000
2026-08-27,154.0.8025.0,1000,1000,1000,1000,1000,1000,901,1000,1000,1000,1000,1000,988,1000,1000,1000,1000,902,809,1000,154.0.4238.0,1000,1000,1000,1000,1000,1000,901,1000,1000,1000,988,1000,979,1000,1000,994,1000,889,807,1000,156.0a1,1000,997,1000,1000,1000,1000,781,1000,1000,1000,953,991,930,1000,958,798,1000,916,862,1000,251 preview,994,998,1000,1000,990,978,761,1000,1000,1000,995,997,978,974,1000,1000,777,965,0,1000,-,994,996,1000,1000,990,978,659,1000,1000,1000,937,989,897,974,958,793,777,778,0,1000
2026-09-03,155.0.8040.0,1000,1000,1000,1000,1000,1000,1000,1000,1000,1000,1000,1000,988,1000,1000,1000,1000,920,943,1000,154.0.4251.0,1000,1000,1000,1000,1000,1000,901,1000,1000,1000,988,1000,988,1000,1000,992,1000,912,809,1000,157.0a1,1000,1000,1000,1000,1000,1000,781,1000,1000,1000,953,991,986,1000,958,795,1000,921,862,1000,251 preview,994,997,1000,1000,990,978,761,1000,1000,1000,995,997,978,974,1000,1000,777,971,0,1000,-,994,997,1000,1000,990,978,659,1000,1000,1000,937,989,963,974,958,789,777,785,0,1000
2026-09-04,155.0.8041.0,1000,1000,1000,1000,1000,1000,1000,1000,1000,1000,1000,1000,988,1000,1000,1000,1000,931,943,1000,154.0.4251.0,1000,1000,1000,1000,1000,1000,901,1000,1000,1000,988,1000,988,1000,1000,994,1000,912,807,1000,157.0a1,1000,1000,1000,1000,1000,1000,781,1000,1000,1000,951,991,986,1000,958,795,1000,921,862,1000,251 preview,994,997,1000,1000,990,978,761,1000,1000,1000,995,997,978,974,1000,1000,777,970,0,1000,-,994,997,1000,1000,990,978,659,1000,1000,1000,935,989,963,974,958,790,777,795,0,1000
2026-09-05,155.0.8043.0,1000,1000,1000,1000,1000,1000,1000,1000,1000,1000,997,1000,988,1000,1000,1000,1000,942,943,1000,154.0.4251.0,1000,1000,1000,1000,1000,1000,901,1000,1000,1000,988,1000,988,1000,1000,994,1000,912,807,1000,157.0a1,1000,1000,1000,1000,1000,1000,781,1000,1000,1000,953,991,992,1000,958,798,1000,921,862,1000,251 preview,994,997,1000,1000,988,978,761,991,1000,1000,993,997,985,974,1000,1000,777,971,0,1000,-,994,997,1000,1000,988,978,659,991,1000,1000,935,989,976,974,958,793,777,806,0,1000
2026-09-07,155.0.8043.0,1000,1000,1000,1000,1000,1000,1000,1000,1000,1000,1000,1000,988,1000,1000,1000,1000,930,943,1000,154.0.4251.0,1000,1000,1000,1000,1000,1000,901,1000,1000,1000,988,1000,988,1000,1000,994,1000,912,809,1000,157.0a1,1000,1000,1000,1000,1000,1000,781,1000,1000,1000,951,991,992,1000,958,795,1000,922,862,1000,251 preview,994,997,1000,1000,988,978,761,1000,1000,1000,995,997,985,974,1000,1000,777,971,0,1000,-,994,997,1000,1000,988,978,659,1000,1000,1000,935,989,976,974,958,790,777,795,0,1000
2026-09-08,155.0.8043.0,1000,1000,1000,1000,1000,1000,1000,1000,1000,1000,997,1000,988,1000,1000,1000,1000,940,943,1000,154.0.4251.0,1000,1000,1000,1000,1000,1000,901,1000,1000,1000,984,1000,988,1000,1000,994,1000,912,807,1000,157.0a1,1000,1000,1000,1000,1000,1000,781,1000,1000,1000,953,991,992,1000,958,798,1000,921,862,1000,251 preview,994,997,1000,1000,988,978,776,1000,1000,1000,995,997,985,974,1000,1000,777,970,0,1000,-,994,997,1000,1000,988,978,674,1000,1000,1000,933,989,976,974,958,793,777,804,0,1000
2026-09-09,155.0.8047.0,1000,1000,1000,1000,1000,1000,1000,1000,1000,1000,1000,1000,988,1000,1000,1000,1000,941,986,1000,154.0.4251.0,1000,1000,1000,1000,1000,1000,879,1000,1000,1000,988,1000,988,1000,1000,994,1000,912,809,1000,157.0a1,1000,1000,1000,1000,1000,1000,781,1000,1000,1000,953,991,992,1000,958,795,1000,922,862,1000,251 preview,994,997,1000,1000,988,978,776,1000,1000,1000,995,997,985,974,1000,1000,777,971,0,1000,-,994,997,1000,1000,988,978,652,1000,1000,1000,937,989,976,974,958,790,777,806,0,1000
2026-09-10,155.0.8050.0,1000,1000,1000,1000,1000,1000,1000,1000,1000,1000,1000,1000,988,1000,1000,1000,1000,925,986,1000,155.0.4268.0,1000,1000,1000,1000,1000,1000,1000,1000,1000,1000,988,1000,988,1000,1000,994,1000,942,943,1000,158.0a1,1000,1000,1000,1000,1000,1000,781,1000,1000,1000,953,991,1000,1000,958,798,1000,932,862,1000,252 preview,994,1000,1000,982,988,982,970,1000,1000,1000,995,997,991,974,1000,1000,1000,987,982,1000,-,994,1000,1000,982,988,982,762,1000,1000,1000,937,989,983,974,958,793,1000,845,825,1000
2026-09-11,155.0.8052.0,1000,1000,1000,1000,1000,1000,1000,1000,1000,1000,1000,1000,988,1000,1000,1000,1000,915,986,1000,155.0.4268.0,1000,1000,1000,1000,1000,1000,1000,1000,1000,1000,988,1000,988,1000,1000,994,1000,942,943,1000,158.0a1,1000,1000,1000,1000,1000,1000,781,1000,1000,1000,953,991,1000,1000,958,798,1000,932,862,1000,252 preview,994,1000,1000,982,988,982,970,1000,1000,1000,995,997,991,974,1000,1000,1000,986,982,1000,-,994,1000,1000,982,988,982,762,1000,1000,1000,937,989,983,974,958,793,1000,835,825,1000
2026-09-12,155.0.8054.0,1000,1000,1000,1000,1000,1000,1000,1000,1000,1000,1000,1000,988,1000,1000,1000,1000,936,993,1000,155.0.4268.0,1000,1000,1000,1000,1000,1000,1000,1000,1000,1000,988,1000,988,1000,1000,994,1000,942,943,1000,158.0a1,1000,1000,1000,1000,1000,1000,781,1000,1000,1000,953,991,1000,1000,958,795,1000,932,923,1000,252 preview,994,1000,1000,982,988,982,970,1000,1000,1000,995,997,984,974,1000,1000,1000,987,982,1000,-,994,1000,1000,982,988,982,762,1000,1000,1000,937,989,976,974,958,790,1000,856,886,1000
2026-09-13,155.0.8055.0,1000,1000,1000,1000,1000,1000,1000,1000,1000,1000,1000,1000,988,1000,1000,1000,1000,925,993,1000,155.0.4268.0,1000,1000,1000,1000,1000,1000,1000,1000,1000,1000,986,1000,988,1000,1000,992,1000,942,942,1000,158.0a1,1000,1000,1000,1000,1000,1000,781,1000,1000,1000,953,991,1000,1000,958,798,1000,932,923,1000,252 preview,994,1000,1000,982,988,982,970,1000,1000,1000,995,997,984,974,1000,1000,1000,985,982,1000,-,994,1000,1000,982,988,982,762,1000,1000,1000,935,989,976,974,958,790,1000,845,886,1000
2026-09-14,155.0.8058.0,1000,1000,1000,1000,1000,1000,1000,1000,1000,1000,1000,1000,988,1000,1000,1000,1000,936,993,1000,155.0.4268.0,1000,1000,1000,1000,1000,1000,1000,1000,1000,1000,986,1000,988,1000,1000,992,1000,942,928,1000,158.0a1,1000,1000,1000,1000,1000,1000,781,1000,1000,1000,951,991,999,1000,958,798,1000,931,923,1000,252 preview,994,1000,1000,982,988,982,970,1000,1000,1000,995,997,985,974,1000,998,1000,986,982,1000,-,994,1000,1000,982,988,982,762,1000,1000,1000,932,989,976,974,958,790,1000,855,871,1000
2026-09-15,155.0.8058.0,1000,1000,1000,1000,1000,1000,1000,1000,1000,1000,1000,1000,988,1000,1000,1000,1000,925,993,1000,155.0.4268.0,1000,1000,1000,1000,1000,1000,1000,1000,1000,1000,988,1000,988,1000,1000,994,1000,942,943,1000,158.0a1,1000,1000,1000,1000,1000,1000,781,1000,1000,1000,951,991,999,1000,958,798,1000,931,923,1000,252 preview,994,1000,1000,982,988,982,970,1000,1000,1000,995,997,992,974,1000,998,1000,986,982,1000,-,994,1000,1000,982,988,982,762,1000,1000,1000,935,989,983,974,958,791,1000,844,886,1000
2026-09-16,156.0.8060.2,1000,1000,1000,1000,1000,1000,1000,1000,1000,1000,1000,1000,988,1000,1000,1000,1000,946,993,1000,155.0.4273.0,995,1000,1000,1000,1000,1000,1000,1000,1000,1000,988,1000,988,1000,1000,994,1000,942,986,1000,158.0a1,1000,1000,1000,1000,1000,1000,781,1000,1000,1000,951,991,999,1000,958,798,1000,931,906,1000,252 preview,994,1000,1000,982,988,982,970,1000,1000,1000,995,997,985,974,1000,998,1000,987,982,1000,-,990,1000,1000,982,988,982,762,1000,1000,1000,935,989,976,974,958,791,1000,857,893,1000
2026-09-17,156.0.8062.0,1000,1000,1000,1000,1000,1000,1000,1000,1000,1000,1000,1000,988,1000,1000,1000,1000,946,993,1000,155.0.4273.0,1000,1000,1000,1000,1000,1000,1000,1000,1000,1000,988,1000,988,1000,1000,994,1000,942,986,1000,158.0a1,1000,1000,1000,1000,1000,1000,781,1000,1000,800,951,991,999,1000,958,798,1000,931,923,1000,252 preview,994,1000,1000,982,988,982,970,1000,1000,1000,995,997,978,948,1000,998,1000,986,982,1000,-,994,1000,1000,982,988,982,762,1000,1000,800,935,989,969,948,958,791,1000,856,906,1000
2026-09-18,156.0.8065.0,1000,1000,1000,1000,1000,1000,1000,1000,1000,1000,1000,1000,988,1000,1000,1000,1000,936,993,1000,155.0.4273.0,1000,1000,1000,1000,1000,1000,1000,1000,1000,1000,988,1000,988,1000,1000,992,1000,942,986,1000,158.0a1,1000,1000,1000,1000,1000,1000,956,1000,1000,800,949,991,999,1000,958,795,1000,931,923,1000,252 preview,994,1000,1000,982,988,982,980,1000,1000,1000,995,997,985,974,1000,998,1000,987,982,1000,-,994,1000,1000,982,988,982,936,1000,1000,800,933,989,976,974,958,786,1000,847,906,1000
2026-09-19,156.0.8066.0,1000,1000,1000,1000,1000,1000,1000,1000,1000,1000,1000,1000,988,1000,1000,1000,1000,936,993,1000,155.0.4273.0,1000,1000,1000,1000,1000,1000,1000,1000,1000,1000,988,1000,988,1000,1000,994,1000,942,986,1000,158.0a1,1000,1000,1000,1000,1000,1000,1000,1000,1000,1000,953,991,999,1000,958,798,1000,931,923,1000,252 preview,994,1000,1000,982,988,982,980,1000,1000,1000,995,997,985,974,1000,998,1000,986,982,1000,-,994,1000,1000,982,988,982,980,1000,1000,1000,937,989,976,974,958,791,1000,845,906,1000
2026-09-20,156.0.8066.0,1000,1000,1000,1000,1000,1000,1000,1000,1000,1000,1000,1000,988,1000,1000,1000,1000,936,993,1000,155.0.4273.0,1000,1000,1000,1000,1000,1000,1000,1000,1000,1000,986,1000,988,1000,1000,994,1000,942,986,1000,158.0a1,1000,1000,1000,1000,1000,1000,1000,1000,1000,1000,951,991,999,1000,958,798,1000,931,923,1000,252 preview,994,1000,1000,982,988,982,980,1000,1000,1000,993,997,985,974,1000,998,1000,987,982,1000,-,994,1000,1000,982,988,982,980,1000,1000,1000,932,989,976,974,958,791,1000,847,906,1000
2026-09-21,156.0.8066.0,1000,1000,1000,1000,1000,1000,1000,1000,1000,1000,1000,1000,988,1000,1000,1000,1000,936,993,1000,155.0.4273.0,1000,1000,1000,1000,1000,1000,1000,1000,1000,1000,988,1000,988,1000,1000,994,1000,942,986,1000,158.0a1,1000,1000,1000,1000,1000,1000,1000,1000,1000,1000,953,991,999,1000,958,795,1000,932,923,1000,252 preview,994,1000,1000,982,988,982,980,1000,1000,1000,993,997,992,974,1000,998,1000,987,982,1000,-,994,1000,1000,982,988,982,980,1000,1000,1000,937,989,983,974,958,789,1000,847,906,1000
2026-09-22,156.0.8067.0,1000,1000,1000,1000,1000,1000,1000,1000,1000,1000,1000,1000,995,1000,1000,1000,1000,946,991,1000,156.0.4285.0,995,1000,1000,1000,1000,1000,1000,1000,1000,1000,988,1000,988,1000,1000,994,1000,938,993,1000,158.0a1,1000,1000,1000,1000,1000,1000,1000,1000,1000,1000,953,991,999,1000,958,795,1000,932,923,1000,252 preview,994,1000,1000,982,988,982,980,1000,1000,1000,995,997,985,974,1000,998,1000,987,982,1000,-,990,1000,1000,982,988,982,980,1000,1000,1000,937,989,976,974,958,789,1000,858,906,1000
2026-09-23,156.0.8069.0,1000,1000,1000,1000,1000,1000,1000,1000,1000,1000,1000,1000,995,1000,1000,1000,1000,947,993,1000,156.0.4285.0,1000,1000,1000,1000,1000,1000,1000,1000,1000,1000,988,1000,988,1000,1000,994,1000,938,993,1000,158.0a1,1000,1000,1000,1000,1000,1000,1000,1000,1000,1000,953,991,999,1000,958,795,1000,932,923,1000,252 preview,994,1000,1000,982,988,982,980,1000,1000,1000,993,997,985,974,1000,998,1000,987,982,1000,-,994,1000,1000,982,988,982,980,1000,1000,1000,937,989,976,974,958,789,1000,859,906,1000
2026-09-24,156.0.8072.0,1000,1000,1000,1000,1000,1000,1000,1000,1000,1000,1000,1000,998,1000,1000,1000,1000,936,993,1000,156.0.4285.0,1000,1000,1000,1000,1000,1000,1000,1000,1000,1000,988,1000,988,1000,1000,994,1000,938,993,1000,158.0a1,1000,1000,1000,1000,1000,1000,1000,1000,1000,1000,953,991,999,1000,1000,798,1000,953,923,1000,253 preview,994,1000,1000,982,990,982,1000,1000,1000,1000,995,997,992,974,1000,1000,1000,987,982,1000,-,994,1000,1000,982,990,982,1000,1000,1000,1000,937,989,981,974,1000,793,1000,869,906,1000
2026-09-25,156.0.8073.0,1000,1000,1000,1000,1000,1000,1000,1000,1000,1000,1000,1000,998,1000,1000,997,1000,925,993,1000,156.0.4285.0,1000,1000,1000,1000,1000,1000,1000,1000,1000,1000,986,1000,988,1000,1000,994,1000,938,993,1000,159.0a1,1000,1000,1000,1000,1000,1000,1000,1000,1000,1000,953,991,999,1000,1000,798,1000,953,923,1000,253 preview,994,1000,1000,982,990,942,1000,1000,1000,1000,993,997,992,974,1000,1000,1000,987,982,1000,-,994,1000,1000,982,990,942,1000,1000,1000,1000,935,989,981,974,1000,790,1000,870,906,1000
2026-09-26,156.0.8075.0,1000,1000,1000,1000,1000,1000,1000,1000,1000,1000,1000,1000,998,1000,1000,1000,1000,946,993,1000,156.0.4285.0,1000,1000,1000,1000,1000,1000,1000,1000,1000,1000,988,1000,988,1000,1000,994,1000,927,993,1000,159.0a1,1000,1000,1000,1000,1000,1000,1000,1000,1000,1000,951,991,999,1000,1000,798,1000,953,923,1000,253 preview,994,1000,1000,982,990,982,1000,1000,1000,1000,995,997,992,974,1000,1000,1000,987,982,1000,-,994,1000,1000,982,990,982,1000,1000,1000,1000,935,989,981,974,1000,793,1000,879,906,1000
2026-09-27,156.0.8075.0,1000,1000,1000,1000,1000,1000,1000,1000,1000,1000,1000,1000,998,1000,1000,997,1000,936,993,1000,156.0.4285.0,1000,1000,1000,1000,1000,1000,1000,1000,1000,1000,988,1000,988,1000,1000,989,1000,927,991,1000,159.0a1,1000,1000,1000,1000,1000,1000,1000,1000,1000,1000,953,991,999,1000,1000,798,1000,953,923,1000,253 preview,994,1000,1000,982,990,982,1000,1000,1000,1000,995,997,992,974,1000,1000,1000,987,982,1000,-,994,1000,1000,982,990,982,1000,1000,1000,1000,937,989,981,974,1000,786,1000,858,906,1000
2026-09-29,156.0.8077.0,1000,1000,1000,1000,1000,1000,1000,1000,1000,1000,1000,1000,998,1000,1000,997,1000,936,993,1000,156.0.4285.0,1000,1000,1000,1000,1000,1000,1000,1000,1000,1000,986,1000,988,1000,1000,994,1000,938,993,1000,159.0a1,1000,1000,1000,1000,1000,1000,1000,1000,1000,1000,951,991,999,1000,1000,798,1000,954,923,1000,253 preview,994,1000,1000,982,990,982,1000,1000,1000,1000,995,997,992,974,1000,1000,1000,987,982,1000,-,994,1000,1000,982,990,982,1000,1000,1000,1000,933,989,981,974,1000,793,1000,881,906,1000
2026-09-30,157.0.8079.0,1000,1000,1000,1000,1000,1000,1000,1000,1000,1000,1000,1000,998,1000,1000,1000,1000,936,993,1000,156.0.4301.0,1000,1000,1000,1000,1000,1000,1000,1000,1000,1000,984,1000,995,1000,1000,994,1000,947,993,1000,159.0a1,1000,1000,1000,1000,1000,1000,1000,1000,1000,1000,953,991,1000,1000,1000,798,1000,953,923,1000,253 preview,994,1000,1000,982,990,982,1000,1000,1000,1000,993,997,993,974,1000,1000,1000,987,982,1000,-,994,1000,1000,982,990,982,1000,1000,1000,1000,933,989,988,974,1000,793,1000,878,906,1000
2026-10-01,157.0.8080.0,1000,1000,1000,1000,1000,1000,1000,1000,1000,1000,1000,1000,998,1000,1000,1000,1000,925,993,1000,156.0.4301.0,1000,1000,1000,1000,1000,1000,1000,1000,1000,1000,988,1000,995,1000,1000,994,1000,947,977,1000,159.0a1,1000,1000,1000,1000,1000,1000,1000,1000,1000,1000,953,991,1000,1000,1000,798,1000,953,923,1000,253 preview,994,1000,1000,982,990,982,1000,1000,1000,1000,995,997,993,974,1000,1000,1000,987,982,1000,-,994,1000,1000,982,990,982,1000,1000,1000,1000,937,989,988,974,1000,793,1000,878,891,1000
2026-10-02,157.0.8081.0,1000,1000,1000,1000,1000,1000,1000,1000,1000,1000,1000,1000,998,1000,1000,997,1000,936,993,1000,156.0.4301.0,1000,1000,1000,1000,1000,1000,1000,1000,1000,1000,986,1000,995,1000,1000,994,1000,947,993,1000,159.0a1,1000,1000,1000,1000,1000,1000,1000,1000,1000,1000,953,991,1000,1000,1000,798,1000,953,923,1000,253 preview,994,1000,1000,982,990,982,1000,1000,1000,1000,995,997,993,974,1000,1000,1000,987,981,1000,-,994,1000,1000,982,990,982,1000,1000,1000,1000,935,989,988,974,1000,790,1000,877,904,1000
2026-10-06,157.0.8086.0,1000,1000,1000,1000,1000,1000,1000,1000,1000,1000,1000,1000,998,1000,1000,1000,1000,936,993,1000,156.0.4301.0,1000,1000,1000,1000,1000,1000,1000,1000,1000,1000,988,1000,995,1000,1000,994,1000,947,993,1000,159.0a1,1000,1000,1000,1000,1000,1000,1000,1000,1000,1000,953,991,1000,1000,1000,798,1000,954,923,1000,253 preview,994,1000,1000,982,990,982,1000,1000,1000,1000,993,997,986,974,1000,1000,1000,987,982,1000,-,994,1000,1000,982,990,982,1000,1000,1000,1000,937,989,981,974,1000,793,1000,879,906,1000
2026-10-07,157.0.8090.0,1000,1000,1000,1000,1000,1000,1000,1000,1000,1000,1000,1000,998,1000,1000,1000,1000,936,993,1000,157.0.4322.0,1000,1000,1000,1000,1000,1000,1000,1000,1000,1000,984,1000,998,1000,1000,994,1000,947,993,1000,159.0a1,1000,1000,1000,1000,1000,1000,1000,1000,1000,1000,958,991,1000,1000,1000,798,1000,954,923,1000,253 preview,994,1000,1000,982,990,982,1000,1000,1000,1000,993,997,993,974,1000,1000,1000,987,982,1000,-,994,1000,1000,982,990,982,1000,1000,1000,1000,937,989,991,974,1000,793,1000,878,906,1000
2026-10-08,157.0.8093.0,1000,1000,1000,1000,1000,1000,1000,1000,1000,1000,1000,1000,998,1000,1000,1000,1000,936,993,1000,157.0.4322.0,1000,1000,1000,1000,1000,1000,1000,1000,1000,1000,990,1000,998,1000,1000,994,1000,947,993,1000,159.0a1,1000,1000,1000,1000,1000,1000,1000,1000,1000,1000,958,991,1000,1000,1000,798,1000,954,923,1000,253 preview,994,1000,1000,982,990,982,1000,1000,1000,1000,995,997,993,974,1000,1000,1000,987,982,1000,-,994,1000,1000,982,990,982,1000,1000,1000,1000,944,989,991,974,1000,793,1000,878,906,1000
2026-10-09,157.0.8094.0,1000,1000,1000,1000,1000,1000,1000,1000,1000,1000,1000,1000,999,1000,1000,1000,1000,925,993,1000,157.0.4322.0,1000,1000,1000,1000,1000,1000,1000,1000,1000,1000,990,1000,998,1000,1000,994,1000,936,989,1000,160.0a1,1000,1000,1000,1000,1000,1000,1000,1000,1000,1000,957,991,1000,1000,1000,798,1000,954,923,1000,254 preview,994,1000,1000,1000,990,982,1000,1000,1000,1000,997,997,1000,974,1000,1000,1000,987,982,1000,-,994,1000,1000,1000,990,982,1000,1000,1000,1000,946,989,998,974,1000,793,1000,867,906,1000
