feature,chrome,firefox,safari
aspect-ratio,0.95,0.95625,0.25625
css-flexbox,0.9164237123420796,0.9786200194363459,0.8610301263362488
css-grid,0.8942202835332607,0.8800436205016358,0.8571428571428571
css-transforms,0.6367869615832363,0.6239813736903376,0.5646100116414435
position-sticky,0.9767441860465116,0.8372093023255814,0.7441860465116279
