feature,chrome,firefox,safari
aspect-ratio,0.987267985887406,0.9937106918238994,0.9874213836477987
css-flexbox,0.9839688592310137,0.9666190022243406,0.9506278913333251
css-grid,0.9969125519340284,0.9031568971750982,0.948560087362748
css-transforms,0.9704635761589404,0.9536054269910955,0.9780600886494615
position-sticky,1,0.9166666666666666,1
