feature,chrome,firefox,safari
aspect-ratio,0.987267985887406,0.9937106918238994,0.987267985887406
css-flexbox,0.9839688592310137,0.9666190022243406,0.9512634172310054
css-grid,0.9969125519340284,0.9031568971750982,0.9474514399126371
css-transforms,0.9704635761589404,0.9522809236798372,0.9683155285737756
position-sticky,1,0.9166666666666666,1
