feature,chrome,firefox,safari
aspect-ratio,0.949685534591195,0.9622641509433962,0.2578616352201258
css-flexbox,0.9164237123420796,0.9786200194363459,0.8610301263362488
css-grid,0.8117647058823529,0.8833333333333333,0.7803921568627451
css-transforms,0.6367869615832363,0.6228172293364377,0.5634458672875436
position-sticky,0.9767441860465116,0.8372093023255814,0.7441860465116279
