feature,chrome,firefox,safari
aspect-ratio,0.95625,0.98125,0.93125
css-flexbox,0.912961210974456,0.9801324503311258,0.8694418164616841
css-grid,0.9150110375275938,0.8796909492273731,0.9017660044150111
css-transforms,0.7473544973544973,0.7288359788359788,0.6666666666666666
position-sticky,0.8604651162790697,0.8372093023255814,0.7209302325581395
