feature,chrome,firefox,safari
aspect-ratio,0.9935572940635067,0.9702306079664571,0.9523469320984277
css-flexbox,0.978489049802085,0.9842689502061529,0.9124035378935473
css-grid,0.9773031741177243,0.9127763987836662,0.9552193587330741
css-transforms,0.9457899716177862,0.9680425130838107,0.8264315209298847
position-sticky,1,0.8928571428571429,0.9682539682539681
