feature,chrome,firefox,safari
aspect-ratio,0.987267985887406,0.9702306079664571,0.9460576239223271
css-flexbox,0.9784480375042816,0.990451223387353,0.9141431061259468
css-grid,0.9783524297401506,0.9127763987836662,0.9552193587330741
css-transforms,0.9431409649952696,0.9600954932162611,0.8264315209298847
position-sticky,1,0.8928571428571429,0.9682539682539681
