feature,chrome,firefox,safari
aspect-ratio,0.975,0.24375,0.25625
css-flexbox,0.9096209912536443,0.9766763848396501,0.7871720116618076
css-grid,0.9172185430463576,0.8818984547461368,0.8587196467991169
css-transforms,0.7208994708994709,0.7275132275132276,0.6137566137566137
position-sticky,0.8837209302325582,0.8372093023255814,0.7441860465116279
