feature,chrome,firefox,safari
aspect-ratio,0.987267985887406,0.9639412997903565,0.9587242026266416
css-flexbox,0.9824345181351852,0.9866380680012711,0.9525148736445209
css-grid,0.9709058167082601,0.9125631973509526,0.949071037683227
css-transforms,0.9744370860927153,0.9429116395423411,0.8739924982877446
position-sticky,1,0.8928571428571429,1
