feature,chrome,firefox,safari
aspect-ratio,0.9676360225140712,0.9766666666666668,0.930057919722554
css-flexbox,0.97120024409523,0.9852543887312099,0.9052691122605976
css-grid,0.9710804543329092,0.894548124394288,0.9296348108693072
css-transforms,0.7834222838653752,0.7528803564594729,0.6903295392002596
position-sticky,1,0.872093023255814,0.7829457364341086
