feature,chrome,firefox,safari
aspect-ratio,0.95,0.9625,0.26875
css-flexbox,0.912961210974456,0.978240302743614,0.8505203405865658
css-grid,0.9105960264900662,0.8653421633554084,0.8730684326710817
css-transforms,0.7420634920634921,0.7301587301587301,0.6640211640211641
position-sticky,0.8837209302325582,0.8604651162790697,0.7441860465116279
