feature,chrome,firefox,safari
aspect-ratio,0.987267985887406,0.9702306079664571,0.9650135108027422
css-flexbox,0.9784480375042816,0.990451223387353,0.9477484294119185
css-grid,0.9797162043989138,0.9127479719259711,0.9570499397862976
css-transforms,0.9471144749290444,0.9614199965275193,0.8726017698109234
position-sticky,1,0.8928571428571429,1
