feature,chrome,firefox,safari
aspect-ratio,0.9625,0.25625,0.26875
css-flexbox,0.9096209912536443,0.9766763848396501,0.7871720116618076
css-grid,0.9161147902869757,0.8785871964679912,0.8587196467991169
css-transforms,0.7235449735449735,0.7261904761904762,0.6150793650793651
position-sticky,0.8604651162790697,0.813953488372093,0.7209302325581395
