feature,chrome,firefox,safari
aspect-ratio,0.987267985887406,0.9937106918238994,0.9874213836477987
css-flexbox,0.9839312294081246,0.9665813724014517,0.9496369726639157
css-grid,0.9967902746417368,0.9030346198828065,0.9484378100704564
css-transforms,0.9704073472447832,0.9535491980769383,0.9780038597353042
position-sticky,1,0.9166666666666666,1
