feature,chrome,firefox,safari
aspect-ratio,0.95,0.98125,0.925
css-flexbox,0.912961210974456,0.9801324503311258,0.8751182592242195
css-grid,0.9116997792494481,0.8796909492273731,0.9039735099337748
css-transforms,0.7473544973544973,0.7288359788359788,0.667989417989418
position-sticky,0.8604651162790697,0.8372093023255814,0.7441860465116279
