feature,chrome,firefox,safari
aspect-ratio,0.987267985887406,0.9828092243186584,0.9746893695352048
css-flexbox,0.9757614962095419,0.9717826501429933,0.9503101283844849
css-grid,0.970845750490613,0.9125804005010405,0.9565379604448503
css-transforms,0.9784105960264902,0.9429116395423411,0.945732747116822
position-sticky,1,0.8928571428571429,1
