feature,chrome,firefox,safari
aspect-ratio,0.95,0.9625,0.26875
css-flexbox,0.912961210974456,0.9801324503311258,0.8505203405865658
css-grid,0.9116997792494481,0.8796909492273731,0.8752759381898455
css-transforms,0.7288359788359788,0.7288359788359788,0.66005291005291
position-sticky,0.8604651162790697,0.8372093023255814,0.7209302325581395
