feature,chrome,firefox,safari
aspect-ratio,0.9625,0.98125,0.925
css-flexbox,0.9105928085519922,0.9805636540330418,0.8717201166180758
css-grid,0.9150110375275938,0.8785871964679912,0.9006622516556292
css-transforms,0.746031746031746,0.7261904761904762,0.6653439153439153
position-sticky,0.8604651162790697,0.8372093023255814,0.7209302325581395
