feature,chrome,firefox,safari
aspect-ratio,0.9935572940635067,0.9828092243186584,0.9359073406013122
css-flexbox,0.9719873054316442,0.9853790041230573,0.9036816856892975
css-grid,0.9773031741177243,0.8986998529577512,0.9337573599197254
css-transforms,0.9732142857142857,0.9680718167416779,0.7803648125688664
position-sticky,1,0.872093023255814,0.8062015503875969
