feature,chrome,firefox,safari
aspect-ratio,0.975,0.98125,0.9375
css-flexbox,0.9135082604470359,0.9776482021379981,0.8726919339164237
css-grid,0.9183222958057395,0.8807947019867549,0.8951434878587197
css-transforms,0.6379511059371362,0.6286379511059371,0.5727590221187427
position-sticky,0.9767441860465116,0.8604651162790697,0.7441860465116279
