feature,chrome,firefox,safari
aspect-ratio,0.95,0.98125,0.93125
css-flexbox,0.9157994323557237,0.9801324503311258,0.8751182592242195
css-grid,0.9150110375275938,0.8774834437086093,0.9039735099337748
css-transforms,0.7671957671957672,0.7328042328042328,0.671957671957672
position-sticky,0.9767441860465116,0.8372093023255814,0.7441860465116279
