feature,chrome,firefox,safari
aspect-ratio,0.987267985887406,0.9937106918238994,0.9937106918238994
css-flexbox,0.9834763266603115,0.9697590018898534,0.950272498561596
css-grid,0.9969125519340284,0.9030346198828065,0.9473291626203455
css-transforms,0.9770860927152318,0.9601717146332297,0.9780038597353042
position-sticky,1,0.9166666666666666,1
