feature,chrome,firefox,safari
aspect-ratio,0.9929855387747702,0.9748427672955975,0.9679817038307604
css-flexbox,0.9824345181351852,0.9866380680012711,0.9531699949240464
css-grid,0.9825937966775105,0.9127479719259711,0.9630987321654204
css-transforms,0.9745033112582782,0.9443339038122875,0.9457989722823849
position-sticky,1,0.8928571428571429,1
