feature,chrome,firefox,safari
aspect-ratio,0.95625,0.98125,0.925
css-flexbox,0.9139072847682119,0.9810785241248817,0.8684957426679281
css-grid,0.9150110375275938,0.8796909492273731,0.9017660044150111
css-transforms,0.7473544973544973,0.7275132275132276,0.6653439153439153
position-sticky,0.8604651162790697,0.8372093023255814,0.7209302325581395
