feature,chrome,firefox,safari
aspect-ratio,0.987267985887406,0.9702306079664571,0.9650135108027422
css-flexbox,0.9784480375042816,0.990451223387353,0.9477484294119185
css-grid,0.9805412977826772,0.9127479719259711,0.9631824371311336
css-transforms,0.9431409649952696,0.9587709899050028,0.8726017698109234
position-sticky,1,0.8928571428571429,1
