feature,chrome,firefox,safari
aspect-ratio,0.9550558943089431,0.9766666666666668,0.9298175351071694
css-flexbox,0.9644200485733126,0.9843083149374539,0.9052691122605976
css-grid,0.9710804543329092,0.894548124394288,0.9296348108693072
css-transforms,0.7860764281789272,0.748912102491219,0.6903959379715673
position-sticky,1,0.872093023255814,0.7829457364341086
