feature,chrome,firefox,safari
aspect-ratio,0.9675558943089431,0.9766666666666668,0.9360675351071693
css-flexbox,0.97120024409523,0.9852543887312099,0.9052691122605976
css-grid,0.9710804543329092,0.894548124394288,0.9307385636286891
css-transforms,0.7860764281789272,0.7555258591049756,0.6903959379715673
position-sticky,1,0.872093023255814,0.7829457364341086
