feature,chrome,firefox,safari
aspect-ratio,0.9737217836619585,0.9828092243186584,0.26630480528317624
css-flexbox,0.9710358306457261,0.9870731578390949,0.8896275009092376
css-grid,0.9753867978111039,0.8985150783827328,0.9139187297152416
css-transforms,0.9040972331380134,0.9170916659832825,0.7595969443628838
position-sticky,0.9767441860465116,0.872093023255814,0.8062015503875969
