feature,chrome,firefox,safari
aspect-ratio,0.987267985887406,0.9937106918238994,0.987267985887406
css-flexbox,0.9839312294081246,0.9665813724014517,0.9512257874081165
css-grid,0.9967902746417368,0.9030346198828065,0.9473291626203455
css-transforms,0.9704073472447832,0.95222469476568,0.9682592996596183
position-sticky,1,0.9166666666666666,1
