feature,chrome,firefox,safari
aspect-ratio,0.987267985887406,0.9828092243186584,0.9746893695352048
css-flexbox,0.9757614962095419,0.9708293612964728,0.9503101283844849
css-grid,0.956156171776644,0.9020482497249873,0.9408783152120344
css-transforms,0.9784105960264902,0.9429116395423411,0.945732747116822
position-sticky,1,0.8928571428571429,1
