feature,chrome,firefox,safari
aspect-ratio,0.9935572940635067,0.9702306079664571,0.9547752651296141
css-flexbox,0.9719873054316442,0.9853790041230573,0.9036816856892975
css-grid,0.9773031741177243,0.9120036223590816,0.9337573599197254
css-transforms,0.9732142857142857,0.9680847848919009,0.7803648125688664
position-sticky,1,0.872093023255814,0.8062015503875969
