feature,chrome,firefox,safari
aspect-ratio,0.987267985887406,0.9702306079664571,0.9460576239223271
css-flexbox,0.9690377335952979,0.9853790041230573,0.9084390596188884
css-grid,0.9753867978111039,0.8986998529577512,0.9552193587330741
css-transforms,0.9443160171285744,0.9663960173534603,0.7803648125688664
position-sticky,0.9767441860465116,0.872093023255814,0.945736434108527
