feature,chrome,firefox,safari
aspect-ratio,0.987267985887406,0.9937106918238994,0.9937106918238994
css-flexbox,0.9839688592310137,0.9666190022243406,0.9484035506914439
css-grid,0.9969125519340284,0.9020482497249873,0.948560087362748
css-transforms,0.9691390728476822,0.9549299303023538,0.9683155285737756
position-sticky,1,0.8928571428571429,1
