feature,chrome,firefox,safari
aspect-ratio,0.9737217836619585,0.9828092243186584,0.26630480528317624
css-flexbox,0.9655238013326946,0.9786318721749184,0.8836315075265929
css-grid,0.9753867978111039,0.8985150783827328,0.9139187297152416
css-transforms,0.9041562845363506,0.9064124366357169,0.7595969443628838
position-sticky,0.9767441860465116,0.872093023255814,0.8062015503875969
