feature,chrome,firefox,safari
aspect-ratio,0.9125,0.24375,0.25625
css-flexbox,0.9096209912536443,0.9757045675413022,0.7871720116618076
css-grid,0.9150110375275938,0.8807947019867549,0.8587196467991169
css-transforms,0.629802095459837,0.6379511059371362,0.5389988358556461
position-sticky,0.8837209302325582,0.8372093023255814,0.7441860465116279
