feature,chrome,firefox,safari
aspect-ratio,0.9125,0.24375,0.25625
css-flexbox,0.9135082604470359,0.9718172983479106,0.7891156462585034
css-grid,0.8909487459105779,0.8778625954198473,0.8342420937840785
css-transforms,0.619324796274738,0.6239813736903376,0.5273573923166472
position-sticky,0.8837209302325582,0.8372093023255814,0.7441860465116279
