feature,chrome,firefox,safari
aspect-ratio,0.975,0.9625,0.25625
css-flexbox,0.9135082604470359,0.9776482021379981,0.8688046647230321
css-grid,0.9050772626931567,0.8807947019867549,0.8796909492273731
css-transforms,0.6356228172293364,0.6251455180442375,0.5669383003492433
position-sticky,0.9767441860465116,0.8372093023255814,0.7441860465116279
