feature,chrome,firefox,safari
aspect-ratio,0.9935572940635067,0.9702306079664571,0.9645062612388889
css-flexbox,0.9738902550034806,0.9892641928322233,0.9381808776908682
css-grid,0.9783524297401506,0.9127763987836662,0.9631824371311336
css-transforms,0.9745033112582782,0.969367016395069,0.8475430630095706
position-sticky,1,0.8928571428571429,1
