feature,chrome,firefox,safari
aspect-ratio,0.987267985887406,0.9748427672955975,0.9748427672955975
css-flexbox,0.9824345181351852,0.9866380680012711,0.9588897280031694
css-grid,0.9738170043641328,0.9125631973509526,0.9566316220397736
css-transforms,0.9744370860927153,0.9443339038122875,0.945732747116822
position-sticky,1,0.8928571428571429,1
