feature,chrome,firefox,safari
aspect-ratio,0.9746893695352048,0.9828092243186584,0.27259411345927687
css-flexbox,0.9690377335952979,0.9850750607886669,0.8885808786447275
css-grid,0.9753867978111039,0.8985150783827328,0.9139187297152416
css-transforms,0.9443160171285744,0.9643989222191103,0.7768588491247885
position-sticky,0.9767441860465116,0.872093023255814,0.8062015503875969
