feature,chrome,firefox,safari
aspect-ratio,0.94375,0.98125,0.925
css-flexbox,0.9157994323557237,0.9801324503311258,0.8751182592242195
css-grid,0.9150110375275938,0.8796909492273731,0.9039735099337748
css-transforms,0.7632275132275133,0.7367724867724867,0.6746031746031746
position-sticky,0.9767441860465116,0.8372093023255814,0.7441860465116279
