feature,chrome,firefox,safari
aspect-ratio,0.9613058943089431,0.9641666666666667,0.2709705284552846
css-flexbox,0.9359496096251063,0.9836644591611479,0.8841890152979132
css-grid,0.9393259273164032,0.894548124394288,0.9098837684361456
css-transforms,0.7491035305769665,0.7448493662856256,0.6875467187066425
position-sticky,0.8837209302325582,0.872093023255814,0.7596899224806203
