feature,chrome,firefox,safari
aspect-ratio,0.9746893695352048,0.9828092243186584,0.9645062612388889
css-flexbox,0.9690377335952979,0.9850750607886669,0.9084390596188884
css-grid,0.9753867978111039,0.8985150783827328,0.9568823299082404
css-transforms,0.9443160171285744,0.9643989222191103,0.7797034369074907
position-sticky,0.9767441860465116,0.872093023255814,0.945736434108527
