feature,chrome,firefox,safari
aspect-ratio,0.9611431673097572,0.9828092243186584,0.26630480528317624
css-flexbox,0.9644200485733126,0.9843083149374539,0.8893079502891283
css-grid,0.9753867978111039,0.8985150783827328,0.9150273771653524
css-transforms,0.7560081363882024,0.7488207888654976,0.6896895369554765
position-sticky,0.9767441860465116,0.872093023255814,0.7829457364341085
