feature,chrome,firefox,safari
aspect-ratio,0.9746893695352048,0.9828092243186584,0.9359073406013122
css-flexbox,0.9655238013326946,0.9805240197624302,0.8995926694980622
css-grid,0.9753867978111039,0.8985150783827328,0.9337573599197254
css-transforms,0.7901242239006484,0.7594941130732296,0.6925341247381787
position-sticky,1,0.872093023255814,0.8062015503875969
