feature,chrome,firefox,safari
aspect-ratio,0.975,0.98125,0.9375
css-flexbox,0.9105928085519922,0.9795918367346939,0.8717201166180758
css-grid,0.9172185430463576,0.8818984547461368,0.8951434878587197
css-transforms,0.7420634920634921,0.7275132275132276,0.6640211640211641
position-sticky,0.8837209302325582,0.8604651162790697,0.7441860465116279
