feature,chrome,firefox,safari
aspect-ratio,0.9935572940635067,0.9702306079664571,0.9456383367105871
css-flexbox,0.978489049802085,0.9823660006343166,0.9124035378935473
css-grid,0.9773031741177243,0.8986998529577512,0.9563280061831849
css-transforms,0.9457899716177862,0.9680425130838107,0.8264315209298847
position-sticky,1,0.8928571428571429,0.9682539682539681
