feature,chrome,firefox,safari
aspect-ratio,0.95625,0.25625,0.26875
css-flexbox,0.9096209912536443,0.9766763848396501,0.8522837706511176
css-grid,0.9150110375275938,0.8796909492273731,0.8796909492273731
css-transforms,0.7261904761904762,0.7275132275132276,0.66005291005291
position-sticky,0.8604651162790697,0.813953488372093,0.7209302325581395
