feature,chrome,firefox,safari
aspect-ratio,0.9090909090909091,0.3125,0.30113636363636365
css-flexbox,0.908133971291866,0.9674641148325359,0.7779904306220096
css-grid,0.8088235294117647,0.8372549019607843,0.7607843137254902
css-transforms,0.619324796274738,0.6228172293364377,0.5273573923166472
position-sticky,0.8723404255319149,0.7872340425531915,0.723404255319149
