feature,chrome,firefox,safari
aspect-ratio,0.9935572940635067,0.9702306079664571,0.9519276448866877
css-flexbox,0.9738902550034806,0.98918490326673,0.9285144224630428
css-grid,0.9778574978427796,0.91239410655949,0.9631824371311336
css-transforms,0.9731788079470198,0.969367016395069,0.8336929274821974
position-sticky,1,0.8928571428571429,1
