feature,chrome,firefox,safari
aspect-ratio,0.987267985887406,0.9937106918238994,0.9809786777113054
css-flexbox,0.9839688592310137,0.9666190022243406,0.9493568395379645
css-grid,0.9969125519340284,0.9020482497249873,0.9474514399126371
css-transforms,0.9691390728476822,0.9536054269910955,0.9696400318850338
position-sticky,1,0.9166666666666666,1
