feature,chrome,firefox,safari
aspect-ratio,0.9935572940635067,0.9828092243186584,0.9359073406013122
css-flexbox,0.9710358306457261,0.9873771011734855,0.9056797827397257
css-grid,0.9764954452612148,0.8986998529577512,0.9337573599197254
css-transforms,0.9314107679795594,0.9170898133903934,0.762441532145586
position-sticky,1,0.872093023255814,0.8062015503875969
