feature,chrome,firefox,safari
aspect-ratio,0.95,0.98125,0.925
css-flexbox,0.9167455061494797,0.9801324503311258,0.8751182592242195
css-grid,0.9536423841059603,0.8741721854304636,0.9028697571743929
css-transforms,0.7671957671957672,0.7328042328042328,0.671957671957672
position-sticky,1,0.8604651162790697,0.7674418604651163
