feature,chrome,firefox,safari
aspect-ratio,0.95,0.9625,0.26875
css-flexbox,0.912961210974456,0.9801324503311258,0.8505203405865658
css-grid,0.9116997792494481,0.8785871964679912,0.8752759381898455
css-transforms,0.7433862433862434,0.7328042328042328,0.6640211640211641
position-sticky,0.8604651162790697,0.8372093023255814,0.7209302325581395
