feature,chrome,firefox,safari
aspect-ratio,0.9551360225140713,0.9766666666666668,0.2646404002501564
css-flexbox,0.945359665038,0.9843083149374539,0.8893079502891283
css-grid,0.9420853092148579,0.894548124394288,0.9098837684361456
css-transforms,0.746461196543082,0.742207032251741,0.6874849514175576
position-sticky,0.9767441860465116,0.872093023255814,0.7596899224806203
