feature,chrome,firefox,safari
aspect-ratio,0.9550558943089431,0.9766666666666668,0.2709705284552846
css-flexbox,0.9464239980559753,0.9836644591611479,0.8903722833071037
css-grid,0.9420853092148579,0.894548124394288,0.9098837684361456
css-transforms,0.7491035305769665,0.7448493662856256,0.6875467187066425
position-sticky,0.9767441860465116,0.872093023255814,0.7596899224806203
