feature,chrome,firefox,safari
aspect-ratio,0.9935572940635067,0.9702306079664571,0.9645062612388889
css-flexbox,0.978489049802085,0.9904693942277196,0.9427796724894727
css-grid,0.9783524297401506,0.9127763987836662,0.9631824371311336
css-transforms,0.9745033112582782,0.9614199965275193,0.8462185596983124
position-sticky,1,0.8928571428571429,1
