feature,chrome,firefox,safari
aspect-ratio,0.987267985887406,0.9702306079664571,0.9621107531830035
css-flexbox,0.9776680739025828,0.9736892278360343,0.9512634172310054
css-grid,0.9709058167082601,0.9125631973509526,0.9566316220397736
css-transforms,0.9784105960264902,0.9429116395423411,0.945732747116822
position-sticky,1,0.8928571428571429,1
