feature,chrome,firefox,safari
aspect-ratio,0.9625,0.98125,0.91875
css-flexbox,0.9105928085519922,0.9805636540330418,0.8717201166180758
css-grid,0.9161147902869757,0.8774834437086093,0.8962472406181016
css-transforms,0.7447089947089947,0.7261904761904762,0.6626984126984127
position-sticky,0.8837209302325582,0.8604651162790697,0.7441860465116279
