feature,chrome,firefox,safari
aspect-ratio,0.9935572940635067,0.9702306079664571,0.9650135108027422
css-flexbox,0.9784480375042816,0.990451223387353,0.9493568395379645
css-grid,0.9797528875866013,0.9127479719259711,0.9614600741282828
css-transforms,0.9705298013245033,0.9627444998387776,0.8966598994347028
position-sticky,1,0.8928571428571429,1
