feature,chrome,firefox,safari
aspect-ratio,0.9182389937106918,0.24528301886792453,0.2641509433962264
css-flexbox,0.9135082604470359,0.9698736637512148,0.7891156462585034
css-grid,0.807843137254902,0.8372549019607843,0.7607843137254902
css-transforms,0.619324796274738,0.6228172293364377,0.5273573923166472
position-sticky,0.8837209302325582,0.8372093023255814,0.7441860465116279
