feature,chrome,firefox,safari
aspect-ratio,0.987267985887406,0.9874213836477987,0.9811320754716981
css-flexbox,0.9781220209723546,0.9723387353034636,0.9497540432240146
css-grid,0.9824385435575811,0.9125804005010405,0.9565379604448503
css-transforms,0.9784105960264902,0.9443339038122875,0.9510307603618551
position-sticky,1,0.8928571428571429,1
