feature,chrome,firefox,safari
aspect-ratio,0.95,0.98125,0.93125
css-flexbox,0.9167455061494797,0.9801324503311258,0.8751182592242195
css-grid,0.9547461368653422,0.869757174392936,0.9028697571743929
css-transforms,0.7671957671957672,0.7314814814814815,0.6706349206349206
position-sticky,1,0.8604651162790697,0.7674418604651163
