feature,chrome,firefox,safari
aspect-ratio,0.987267985887406,0.9702306079664571,0.9650135108027422
css-flexbox,0.9786213627491033,0.990451223387353,0.9493568395379645
css-grid,0.9797162043989138,0.9127479719259711,0.966827819043066
css-transforms,0.9745033112582782,0.941684897189771,0.8966598994347028
position-sticky,1,0.8928571428571429,1
