feature,chrome,firefox,safari
aspect-ratio,0.975,0.95625,0.2625
css-flexbox,0.9115646258503401,0.9766763848396501,0.8542274052478134
css-grid,0.9039735099337748,0.8807947019867549,0.8719646799116998
css-transforms,0.6367869615832363,0.6239813736903376,0.5646100116414435
position-sticky,0.8837209302325582,0.8372093023255814,0.7441860465116279
