feature,chrome,firefox,safari
aspect-ratio,0.987267985887406,0.9702306079664571,0.9523469320984277
css-flexbox,0.9784480375042816,0.990451223387353,0.9141431061259468
css-grid,0.9805697246403723,0.9127763987836662,0.9552193587330741
css-transforms,0.949763481551561,0.9600954932162611,0.8251070176186264
position-sticky,1,0.8928571428571429,0.9682539682539681
