feature,chrome,firefox,safari
aspect-ratio,0.94375,0.9625,0.26875
css-flexbox,0.912961210974456,0.9801324503311258,0.8505203405865658
css-grid,0.9116997792494481,0.8785871964679912,0.8763796909492274
css-transforms,0.746031746031746,0.7367724867724867,0.667989417989418
position-sticky,0.8604651162790697,0.8372093023255814,0.7209302325581395
