feature,chrome,firefox,safari
aspect-ratio,0.987267985887406,0.9702306079664571,0.9519276448866877
css-flexbox,0.9755394779657388,0.9823660006343166,0.9124035378935473
css-grid,0.9773031741177243,0.8986998529577512,0.9563280061831849
css-transforms,0.9443740337356069,0.9680425130838107,0.8264315209298847
position-sticky,1,0.8928571428571429,0.9682539682539681
