feature,chrome,firefox,safari
aspect-ratio,0.9261363636363636,0.9659090909090909,0.30113636363636365
css-flexbox,0.908133971291866,0.970334928229665,0.8488038277511962
css-grid,0.8107843137254902,0.8823529411764706,0.7803921568627451
css-transforms,0.6367869615832363,0.6228172293364377,0.5646100116414435
position-sticky,0.8723404255319149,0.7872340425531915,0.723404255319149
