feature,chrome,firefox,safari
aspect-ratio,0.9935572940635067,0.9702306079664571,0.9645062612388889
css-flexbox,0.9784480375042816,0.990451223387353,0.9445771551824936
css-grid,0.9783524297401506,0.9127763987836662,0.9631824371311336
css-transforms,0.9811258278145696,0.9614199965275193,0.8475430630095706
position-sticky,1,0.8928571428571429,1
