feature,chrome,firefox,safari
aspect-ratio,0.987267985887406,0.9937106918238994,0.9874213836477987
css-flexbox,0.9832957035104443,0.9659458465037714,0.9512257874081165
css-grid,0.996617048477657,0.9030346198828065,0.9484378100704564
css-transforms,0.9704073472447832,0.9588472113219714,0.976679356424046
position-sticky,1,0.9166666666666666,1
