feature,chrome,firefox,safari
aspect-ratio,0.9737217836619585,0.9828092243186584,0.26630480528317624
css-flexbox,0.9655238013326946,0.9786318721749184,0.8836315075265929
css-grid,0.9753867978111039,0.897406430932622,0.9150273771653524
css-transforms,0.8882832686633346,0.886571166794447,0.7490149337808732
position-sticky,0.9767441860465116,0.872093023255814,0.8062015503875969
