feature,chrome,firefox,safari
aspect-ratio,0.987267985887406,0.9937106918238994,0.9811320754716981
css-flexbox,0.9819351763584365,0.9713854464569431,0.9497540432240146
css-grid,0.9690731826312445,0.9020482497249873,0.9408783152120344
css-transforms,0.9784105960264902,0.9443339038122875,0.9510307603618551
position-sticky,1,0.8928571428571429,1
