feature,chrome,firefox,safari
aspect-ratio,0.9935572940635067,0.9702306079664571,0.9519276448866877
css-flexbox,0.9719873054316442,0.9853790041230573,0.9285144224630428
css-grid,0.9773031741177243,0.9120036223590816,0.9631824371311336
css-transforms,0.9732142857142857,0.9680847848919009,0.8312674077368506
position-sticky,1,0.872093023255814,0.9767441860465116
