feature,chrome,firefox,safari
aspect-ratio,0.9929855387747702,0.9696588526777207,0.9644417555140058
css-flexbox,0.9824345181351852,0.9866380680012711,0.9525148736445209
css-grid,0.9782044124214899,0.9127479719259711,0.9555381478088736
css-transforms,0.9745033112582782,0.9430094005010293,0.8740587234533077
position-sticky,1,0.8928571428571429,1
