feature,chrome,firefox,safari
aspect-ratio,0.9548538591336566,0.9828092243186584,0.26630480528317624
css-flexbox,0.9587436058107771,0.9786318721749184,0.8836315075265929
css-grid,0.9753867978111039,0.8985150783827328,0.9150273771653524
css-transforms,0.8790240094040753,0.8824186724633812,0.7492133464792861
position-sticky,0.9767441860465116,0.872093023255814,0.8062015503875969
