feature,chrome,firefox,safari
aspect-ratio,0.9935572940635067,0.9702306079664571,0.9684000613591042
css-flexbox,0.9786213627491033,0.990451223387353,0.9484035506914439
css-grid,0.9825937966775105,0.9127479719259711,0.9646105241428442
css-transforms,0.9745033112582782,0.941684897189771,0.9218254623486101
position-sticky,1,0.8928571428571429,1
