feature,chrome,firefox,safari
aspect-ratio,0.95,0.9625,0.26875
css-flexbox,0.912961210974456,0.9801324503311258,0.8505203405865658
css-grid,0.9105960264900662,0.8774834437086093,0.8741721854304636
css-transforms,0.7433862433862434,0.7328042328042328,0.6640211640211641
position-sticky,0.8837209302325582,0.8604651162790697,0.7441860465116279
