feature,chrome,firefox,safari
aspect-ratio,0.9685975609756097,0.9766666666666668,0.936307919722554
css-flexbox,0.97120024409523,0.9862004625249657,0.9052691122605976
css-grid,0.9710804543329092,0.894548124394288,0.9296348108693072
css-transforms,0.7847450351881264,0.7542031077822242,0.691652290523011
position-sticky,1,0.872093023255814,0.8062015503875969
