feature,chrome,firefox,safari
aspect-ratio,0.975,0.98125,0.9375
css-flexbox,0.9125364431486881,0.9786200194363459,0.8717201166180758
css-grid,0.9183222958057395,0.8807947019867549,0.8951434878587197
css-transforms,0.6472642607683353,0.6379511059371362,0.5820721769499418
position-sticky,0.9767441860465116,0.8604651162790697,0.7441860465116279
