feature,chrome,firefox,safari
aspect-ratio,0.95,0.98125,0.925
css-flexbox,0.9432355723746452,0.97918637653737,0.8751182592242195
css-grid,0.9602649006622517,0.8653421633554084,0.9028697571743929
css-transforms,0.7658730158730159,0.7354497354497355,0.6706349206349206
position-sticky,1,0.8604651162790697,0.7674418604651163
