feature,chrome,firefox,safari
aspect-ratio,0.95625,0.25625,0.26875
css-flexbox,0.9035004730368968,0.9754020813623463,0.8505203405865658
css-grid,0.9150110375275938,0.8796909492273731,0.8796909492273731
css-transforms,0.7261904761904762,0.7288359788359788,0.66005291005291
position-sticky,0.8604651162790697,0.813953488372093,0.7209302325581395
