feature,chrome,firefox,safari
aspect-ratio,0.95,0.98125,0.925
css-flexbox,0.9432355723746452,0.97918637653737,0.8751182592242195
css-grid,0.9602649006622517,0.8642384105960265,0.9028697571743929
css-transforms,0.7671957671957672,0.7314814814814815,0.671957671957672
position-sticky,1,0.8604651162790697,0.7674418604651163
