feature,chrome,firefox,safari
aspect-ratio,0.90625,0.24375,0.2625
css-flexbox,0.9115646258503401,0.9698736637512148,0.783284742468416
css-grid,0.8898582333696837,0.8778625954198473,0.8353326063249727
css-transforms,0.619324796274738,0.6239813736903376,0.5273573923166472
position-sticky,0.8837209302325582,0.8372093023255814,0.7441860465116279
