feature,chrome,firefox,safari
aspect-ratio,0.96875,0.95625,0.25625
css-flexbox,0.9144800777453839,0.9766763848396501,0.8493683187560739
css-grid,0.8942202835332607,0.8800436205016358,0.861504907306434
css-transforms,0.6367869615832363,0.6239813736903376,0.5646100116414435
position-sticky,0.9767441860465116,0.8372093023255814,0.7441860465116279
