feature,chrome,firefox,safari
aspect-ratio,0.9746893695352048,0.9828092243186584,0.9359073406013122
css-flexbox,0.9655238013326946,0.9805240197624302,0.8995926694980622
css-grid,0.9753867978111039,0.8985150783827328,0.9337573599197254
css-transforms,0.9131400969165214,0.8932242718033883,0.7520579342619882
position-sticky,1,0.872093023255814,0.8062015503875969
