feature,chrome,firefox,safari
aspect-ratio,0.987267985887406,0.9937106918238994,0.9811320754716981
css-flexbox,0.9771687321258341,0.9666190022243406,0.9455436841518825
css-grid,0.9690731826312445,0.9020482497249873,0.9408783152120344
css-transforms,0.9691390728476822,0.9496319170573206,0.9577195020837094
position-sticky,1,0.8928571428571429,1
