feature,chrome,firefox,safari
aspect-ratio,0.9488860225140712,0.9766666666666668,0.2646404002501564
css-flexbox,0.9644200485733126,0.9843083149374539,0.8893079502891283
css-grid,0.9710804543329092,0.894548124394288,0.9109875211955275
css-transforms,0.7520398824199483,0.7435297835744924,0.6888077027403089
position-sticky,0.9767441860465116,0.872093023255814,0.7829457364341085
