feature,chrome,firefox,safari
aspect-ratio,0.975,0.98125,0.25625
css-flexbox,0.9135082604470359,0.9776482021379981,0.8688046647230321
css-grid,0.9183222958057395,0.8807947019867549,0.8929359823399559
css-transforms,0.6367869615832363,0.6263096623981373,0.5681024447031432
position-sticky,0.9767441860465116,0.8604651162790697,0.7441860465116279
