feature,chrome,firefox,safari
aspect-ratio,0.9125,0.24375,0.25625
css-flexbox,0.9115646258503401,0.9766763848396501,0.7881438289601554
css-grid,0.9150110375275938,0.8807947019867549,0.8576158940397351
css-transforms,0.619324796274738,0.6263096623981373,0.5285215366705471
position-sticky,0.8837209302325582,0.8372093023255814,0.7441860465116279
