feature,chrome,firefox,safari
aspect-ratio,0.9125,0.24375,0.25625
css-flexbox,0.9115646258503401,0.9698736637512148,0.7881438289601554
css-grid,0.9017660044150111,0.8785871964679912,0.8454746136865342
css-transforms,0.6181606519208381,0.6251455180442375,0.5273573923166472
position-sticky,0.8837209302325582,0.8372093023255814,0.7441860465116279
