feature,chrome,firefox,safari
aspect-ratio,0.987267985887406,0.9639412997903565,0.9621107531830035
css-flexbox,0.9814812292886648,0.9856847791547506,0.952216706077526
css-grid,0.9709058167082601,0.9125631973509526,0.9566316220397736
css-transforms,0.9744370860927153,0.9429116395423411,0.945732747116822
position-sticky,1,0.8928571428571429,1
