feature,chrome,firefox,safari
aspect-ratio,0.9935572940635067,0.9702306079664571,0.9650135108027422
css-flexbox,0.9824345181351852,0.9866380680012711,0.9515615847980005
css-grid,0.9797162043989138,0.9127479719259711,0.9570499397862976
css-transforms,0.9745033112582782,0.9430094005010293,0.8740587234533077
position-sticky,1,0.8928571428571429,1
