feature,chrome,firefox,safari
aspect-ratio,0.987267985887406,0.9937106918238994,0.9937106918238994
css-flexbox,0.9840106701453346,0.9703945277875337,0.9496369726639157
css-grid,0.9967902746417368,0.9030346198828065,0.9484378100704564
css-transforms,0.9770298638010746,0.9601717146332297,0.9780038597353042
position-sticky,1,0.9166666666666666,1
