feature,chrome,firefox,safari
aspect-ratio,0.987267985887406,0.9702306079664571,0.9460576239223271
css-flexbox,0.9709406831671342,0.9872819536948937,0.9084390596188884
css-grid,0.9773031741177243,0.8986998529577512,0.9552193587330741
css-transforms,0.9443740337356069,0.9680425130838107,0.7813984083471032
position-sticky,1,0.8928571428571429,0.9682539682539681
