feature,chrome,firefox,webkitgtk
aspect-ratio,0.9935572940635067,0.9702306079664571,0.9586362402745283
css-flexbox,0.9738902550034806,0.9872819536948937,0.9419867768345409
css-grid,0.9778574978427796,0.91239410655949,0.9653997320313553
css-transforms,0.9731788079470198,0.969367016395069,0.8705799598875272
position-sticky,1,0.8928571428571429,1
