feature,chrome,firefox,webkitgtk
aspect-ratio,0.9746893695352048,0.9828092243186584,0.9582169530627883
css-flexbox,0.9690377335952979,0.9853790041230573,0.9175724624249838
css-grid,0.9753867978111039,0.8986998529577512,0.9574366536332958
css-transforms,0.9443160171285744,0.9663830492032373,0.8071725727099599
position-sticky,0.9767441860465116,0.872093023255814,0.9534883720930233
