feature,chrome,firefox,webkitgtk
aspect-ratio,0.9935572940635067,0.9702306079664571,0.9456383367105871
css-flexbox,0.9709406831671342,0.9872819536948937,0.9175724624249838
css-grid,0.9773031741177243,0.8986998529577512,0.9574366536332958
css-transforms,0.9443740337356069,0.9680425130838107,0.8082416754552711
position-sticky,1,0.8928571428571429,0.9761904761904762
