feature,chrome,firefox,webkitgtk
aspect-ratio,0.987267985887406,0.9937106918238994,0.9811320754716981
css-flexbox,0.9839688592310137,0.9666190022243406,0.952216706077526
css-grid,0.9969125519340284,0.9020482497249873,0.9518860297130807
css-transforms,0.9691390728476822,0.9522809236798372,0.9537459921499345
position-sticky,1,0.8928571428571429,0.9761904761904762
