feature,chrome,firefox,webkitgtk
aspect-ratio,0.987267985887406,0.9702306079664571,0.9393490285344864
css-flexbox,0.9690377335952979,0.9853790041230573,0.9175724624249838
css-grid,0.9773031741177243,0.8986998529577512,0.9574366536332958
css-transforms,0.9444153508286783,0.9663960173534603,0.8071725727099599
position-sticky,0.9767441860465116,0.872093023255814,0.9534883720930233
