feature,chrome,firefox,webkitgtk
aspect-ratio,0.9809786777113054,0.9639412997903565,0.9393490285344864
css-flexbox,0.9690377335952979,0.9853790041230573,0.9175724624249838
css-grid,0.9773031741177243,0.8986998529577512,0.9574366536332958
css-transforms,0.9443740337356069,0.9676760120784317,0.8082416754552711
position-sticky,0.9767441860465116,0.872093023255814,0.9534883720930233
