feature,chrome,firefox,webkitgtk
aspect-ratio,0.987267985887406,0.9702306079664571,0.9685534591194969
css-flexbox,0.9786213627491033,0.990451223387353,0.9550765726170874
css-grid,0.9825937966775105,0.9127479719259711,0.9679364664931769
css-transforms,0.9745033112582782,0.941684897189771,0.9284479789049015
position-sticky,1,0.8928571428571429,0.9761904761904762
