feature,chrome,firefox,webkitgtk
aspect-ratio,0.9935572940635067,0.9702306079664571,0.9456383367105871
css-flexbox,0.9784480375042816,0.990451223387353,0.9236116854229343
css-grid,0.9783524297401506,0.9127763987836662,0.9574366536332958
css-transforms,0.9431409649952696,0.9600954932162611,0.8108906820777877
position-sticky,1,0.8928571428571429,0.9761904761904762
