feature,chrome,firefox,webkitgtk
aspect-ratio,0.9935572940635067,0.9702306079664571,0.9650135108027422
css-flexbox,0.9738902550034806,0.9892641928322233,0.9469027298951181
css-grid,0.9783524297401506,0.9127763987836662,0.9653997320313553
css-transforms,0.9745033112582782,0.969367016395069,0.9097947186387098
position-sticky,1,0.8928571428571429,0.9761904761904762
