feature,chrome,firefox,webkitgtk
aspect-ratio,0.9929855387747702,0.9702306079664571,0.9679817038307604
css-flexbox,0.9824345181351852,0.9866380680012711,0.9655627499288129
css-grid,0.9810820047000866,0.9127479719259711,0.9664246745157531
css-transforms,0.9745033112582782,0.9443339038122875,0.9285804292360272
position-sticky,1,0.8928571428571429,0.9761904761904762
