feature,chrome,firefox,webkitgtk
aspect-ratio,0.987267985887406,0.9748427672955975,0.9811320754716981
css-flexbox,0.9787802442235237,0.9742453129965046,0.9535671986100965
css-grid,0.9825937966775105,0.9125631973509526,0.9599575643901062
css-transforms,0.9784105960264902,0.9443339038122875,0.94182546234861
position-sticky,1,0.8928571428571429,0.9761904761904762
