feature,chrome,firefox,webkitgtk
aspect-ratio,0.9737217836619585,0.9828092243186584,0.9586362402745283
css-flexbox,0.9710358306457261,0.9851702082672585,0.9142430558129893
css-grid,0.9753867978111039,0.8985150783827328,0.9590996248084621
css-transforms,0.7887132891563805,0.7581713617504782,0.7084071406111946
position-sticky,1,0.872093023255814,0.8604651162790697
