feature,chrome,firefox,webkitgtk
aspect-ratio,0.9935572940635067,0.9702306079664571,0.9393490285344864
css-flexbox,0.9709406831671342,0.9863304789089755,0.9175724624249838
css-grid,0.9773031741177243,0.8986998529577512,0.9574366536332958
css-transforms,0.9443740337356069,0.9676760120784317,0.8082416754552711
position-sticky,1,0.8928571428571429,0.9761904761904762
