feature,chrome,firefox,webkitgtk
aspect-ratio,0.9935572940635067,0.9702306079664571,0.9582169530627883
css-flexbox,0.9719873054316442,0.9853790041230573,0.9419867768345409
css-grid,0.9773031741177243,0.9120036223590816,0.9653997320313553
css-transforms,0.9732142857142857,0.9680847848919009,0.8694283990940253
position-sticky,1,0.872093023255814,0.9767441860465116
