feature,chrome,firefox,webkitgtk
aspect-ratio,0.9935572940635067,0.9702306079664571,0.9650135108027422
css-flexbox,0.9784480375042816,0.990451223387353,0.9541232837705669
css-grid,0.9805697246403723,0.9127763987836662,0.9625687215783937
css-transforms,0.9705298013245033,0.9614199965275193,0.922384807731936
position-sticky,1,0.8928571428571429,0.9761904761904762
