feature,chrome,firefox,webkitgtk
aspect-ratio,0.9935572940635067,0.9702306079664571,0.9523469320984277
css-flexbox,0.978489049802085,0.9823660006343166,0.9218540989616156
css-grid,0.9773031741177243,0.8986998529577512,0.9574366536332958
css-transforms,0.9457899716177862,0.9680425130838107,0.8082416754552711
position-sticky,1,0.8928571428571429,0.9761904761904762
