feature,chrome,firefox,webkitgtk
aspect-ratio,0.9935572940635067,0.9702306079664571,0.9586362402745283
css-flexbox,0.9738902550034806,0.9853790041230573,0.9419867768345409
css-grid,0.9778574978427796,0.9120036223590816,0.9653997320313553
css-transforms,0.9731788079470198,0.969367016395069,0.8705799598875272
position-sticky,1,0.872093023255814,0.9767441860465116
