feature,chrome,firefox,webkitgtk
aspect-ratio,0.9935572940635067,0.9702306079664571,0.9645062612388889
css-flexbox,0.9738902550034806,0.98918490326673,0.9429382516204591
css-grid,0.9783524297401506,0.91239410655949,0.9653997320313553
css-transforms,0.9745033112582782,0.969367016395069,0.8727086259234779
position-sticky,1,0.8928571428571429,0.9761904761904762
