feature,chrome,firefox,webkitgtk
aspect-ratio,0.9935572940635067,0.9702306079664571,0.9685534591194969
css-flexbox,0.9824345181351852,0.9866380680012711,0.9655627499288129
css-grid,0.9814851492273996,0.9127479719259711,0.966827819043066
css-transforms,0.9745033112582782,0.9443339038122875,0.9285804292360272
position-sticky,1,0.8928571428571429,0.9761904761904762
