feature,chrome,firefox,webkitgtk
aspect-ratio,0.987267985887406,0.9702306079664571,0.9650135108027422
css-flexbox,0.978489049802085,0.9904693942277196,0.9515015246937225
css-grid,0.9783524297401506,0.9127763987836662,0.9653997320313553
css-transforms,0.9811258278145696,0.9614199965275193,0.9151275872340392
position-sticky,1,0.8928571428571429,0.9761904761904762
